arvlLineNm,arvlStnCd,arvlStnNm,arvlStnNo,brlnNm,crtrYmd,dptreLineNm,dptreStnCd,dptreStnNm,dptreStnNo,etrnYn,lineNm,lnkgTrainno,stnCd,stnNm,stnNo,tmprTmtblYn,trainArvlTm,trainDptreTm,trainKnd,trainno,upbdnbSe,vldBgngDt,vldEndDt,wkndSe
경강선,1501,판교,K409,,20250619,경강선,1509,부발,K418,N,경강선,,1509,부발,K418,N,,05:30:00,,K7502,상행,2025-05-01T05:00:00,,평일
경강선,1501,판교,K409,,20250619,경강선,1509,부발,K418,N,경강선,,1508,이천,K417,N,05:33:30,05:34:00,,K7502,상행,2025-05-01T05:00:00,,평일
경강선,1501,판교,K409,,20250619,경강선,1509,부발,K418,N,경강선,,1507,신둔도예촌,K416,N,05:39:30,05:40:00,,K7502,상행,2025-05-01T05:00:00,,평일
경강선,1501,판교,K409,,20250619,경강선,1509,부발,K418,N,경강선,,1506,곤지암,K415,N,05:45:00,05:45:30,,K7502,상행,2025-05-01T05:00:00,,평일
경강선,1501,판교,K409,,20250619,경강선,1509,부발,K418,N,경강선,,1505,초월,K414,N,05:49:30,05:50:00,,K7502,상행,2025-05-01T05:00:00,,평일
경강선,1501,판교,K409,,20250619,경강선,1509,부발,K418,N,경강선,,1504,경기광주,K413,N,05:54:00,05:55:00,,K7502,상행,2025-05-01T05:00:00,,평일
경강선,1501,판교,K409,,20250619,경강선,1509,부발,K418,N,경강선,,1503,삼동,K412,N,05:59:00,05:59:30,,K7502,상행,2025-05-01T05:00:00,,평일
경강선,1501,판교,K409,,20250619,경강선,1509,부발,K418,N,경강선,,1502,이매,K411,N,06:04:30,06:05:00,,K7502,상행,2025-05-01T05:00:00,,평일
경강선,1501,판교,K409,,20250619,경강선,1509,부발,K418,N,경강선,,1512,성남,K410,N,06:06:30,06:07:00,,K7502,상행,2025-05-01T05:00:00,,평일
경강선,1501,판교,K409,,20250619,경강선,1509,부발,K418,N,경강선,,1501,판교,K409,N,06:09:00,,,K7502,상행,2025-05-01T05:00:00,,평일
경강선,1501,판교,K409,,20250619,경강선,1511,여주,K420,N,경강선,,1511,여주,K420,N,,05:34:00,,K7504,상행,2025-05-01T05:00:00,,평일
경강선,1501,판교,K409,,20250619,경강선,1511,여주,K420,N,경강선,,1510,세종대왕릉,K419,N,05:38:30,05:39:00,,K7504,상행,2025-05-01T05:00:00,,평일
경강선,1501,판교,K409,,20250619,경강선,1511,여주,K420,N,경강선,,1509,부발,K418,N,05:45:00,05:45:30,,K7504,상행,2025-05-01T05:00:00,,평일
경강선,1501,판교,K409,,20250619,경강선,1511,여주,K420,N,경강선,,1508,이천,K417,N,05:49:00,05:49:30,,K7504,상행,2025-05-01T05:00:00,,평일
경강선,1501,판교,K409,,20250619,경강선,1511,여주,K420,N,경강선,,1507,신둔도예촌,K416,N,05:55:00,05:55:30,,K7504,상행,2025-05-01T05:00:00,,평일
경강선,1501,판교,K409,,20250619,경강선,1511,여주,K420,N,경강선,,1506,곤지암,K415,N,06:00:30,06:01:00,,K7504,상행,2025-05-01T05:00:00,,평일
경강선,1501,판교,K409,,20250619,경강선,1511,여주,K420,N,경강선,,1505,초월,K414,N,06:05:00,06:05:30,,K7504,상행,2025-05-01T05:00:00,,평일
경강선,1501,판교,K409,,20250619,경강선,1511,여주,K420,N,경강선,,1504,경기광주,K413,N,06:09:30,06:10:30,,K7504,상행,2025-05-01T05:00:00,,평일
경강선,1501,판교,K409,,20250619,경강선,1511,여주,K420,N,경강선,,1503,삼동,K412,N,06:14:30,06:15:00,,K7504,상행,2025-05-01T05:00:00,,평일
경강선,1501,판교,K409,,20250619,경강선,1511,여주,K420,N,경강선,,1502,이매,K411,N,06:20:00,06:20:30,,K7504,상행,2025-05-01T05:00:00,,평일
경강선,1501,판교,K409,,20250619,경강선,1511,여주,K420,N,경강선,,1512,성남,K410,N,06:22:00,06:22:30,,K7504,상행,2025-05-01T05:00:00,,평일
경강선,1501,판교,K409,,20250619,경강선,1511,여주,K420,N,경강선,,1501,판교,K409,N,06:24:30,,,K7504,상행,2025-05-01T05:00:00,,평일
경강선,1501,판교,K409,,20250619,경강선,1509,부발,K418,N,경강선,,1509,부발,K418,N,,06:00:00,,K7506,상행,2025-05-01T05:00:00,,평일
경강선,1501,판교,K409,,20250619,경강선,1509,부발,K418,N,경강선,,1508,이천,K417,N,06:03:30,06:04:00,,K7506,상행,2025-05-01T05:00:00,,평일
경강선,1501,판교,K409,,20250619,경강선,1509,부발,K418,N,경강선,,1507,신둔도예촌,K416,N,06:09:30,06:10:00,,K7506,상행,2025-05-01T05:00:00,,평일
경강선,1501,판교,K409,,20250619,경강선,1509,부발,K418,N,경강선,,1506,곤지암,K415,N,06:15:00,06:15:30,,K7506,상행,2025-05-01T05:00:00,,평일
경강선,1501,판교,K409,,20250619,경강선,1509,부발,K418,N,경강선,,1505,초월,K414,N,06:19:30,06:20:00,,K7506,상행,2025-05-01T05:00:00,,평일
경강선,1501,판교,K409,,20250619,경강선,1509,부발,K418,N,경강선,,1504,경기광주,K413,N,06:24:00,06:25:00,,K7506,상행,2025-05-01T05:00:00,,평일
경강선,1501,판교,K409,,20250619,경강선,1509,부발,K418,N,경강선,,1503,삼동,K412,N,06:29:00,06:29:30,,K7506,상행,2025-05-01T05:00:00,,평일
경강선,1501,판교,K409,,20250619,경강선,1509,부발,K418,N,경강선,,1502,이매,K411,N,06:34:30,06:35:00,,K7506,상행,2025-05-01T05:00:00,,평일
경강선,1501,판교,K409,,20250619,경강선,1509,부발,K418,N,경강선,,1512,성남,K410,N,06:36:30,06:37:00,,K7506,상행,2025-05-01T05:00:00,,평일
경강선,1501,판교,K409,,20250619,경강선,1509,부발,K418,N,경강선,,1501,판교,K409,N,06:39:00,,,K7506,상행,2025-05-01T05:00:00,,평일
경강선,1501,판교,K409,,20250619,경강선,1511,여주,K420,N,경강선,,1511,여주,K420,N,,06:02:00,,K7508,상행,2025-05-01T05:00:00,,평일
경강선,1501,판교,K409,,20250619,경강선,1511,여주,K420,N,경강선,,1510,세종대왕릉,K419,N,06:06:30,06:07:00,,K7508,상행,2025-05-01T05:00:00,,평일
경강선,1501,판교,K409,,20250619,경강선,1511,여주,K420,N,경강선,,1509,부발,K418,N,06:13:00,06:13:30,,K7508,상행,2025-05-01T05:00:00,,평일
경강선,1501,판교,K409,,20250619,경강선,1511,여주,K420,N,경강선,,1508,이천,K417,N,06:17:00,06:17:30,,K7508,상행,2025-05-01T05:00:00,,평일
경강선,1501,판교,K409,,20250619,경강선,1511,여주,K420,N,경강선,,1507,신둔도예촌,K416,N,06:23:00,06:23:30,,K7508,상행,2025-05-01T05:00:00,,평일
경강선,1501,판교,K409,,20250619,경강선,1511,여주,K420,N,경강선,,1506,곤지암,K415,N,06:28:30,06:29:00,,K7508,상행,2025-05-01T05:00:00,,평일
경강선,1501,판교,K409,,20250619,경강선,1511,여주,K420,N,경강선,,1505,초월,K414,N,06:33:00,06:33:30,,K7508,상행,2025-05-01T05:00:00,,평일
경강선,1501,판교,K409,,20250619,경강선,1511,여주,K420,N,경강선,,1504,경기광주,K413,N,06:37:30,06:38:30,,K7508,상행,2025-05-01T05:00:00,,평일
경강선,1501,판교,K409,,20250619,경강선,1511,여주,K420,N,경강선,,1503,삼동,K412,N,06:42:30,06:43:00,,K7508,상행,2025-05-01T05:00:00,,평일
경강선,1501,판교,K409,,20250619,경강선,1511,여주,K420,N,경강선,,1502,이매,K411,N,06:48:00,06:48:30,,K7508,상행,2025-05-01T05:00:00,,평일
경강선,1501,판교,K409,,20250619,경강선,1511,여주,K420,N,경강선,,1512,성남,K410,N,06:50:00,06:50:30,,K7508,상행,2025-05-01T05:00:00,,평일
경강선,1501,판교,K409,,20250619,경강선,1511,여주,K420,N,경강선,,1501,판교,K409,N,06:52:30,,,K7508,상행,2025-05-01T05:00:00,,평일
경강선,1501,판교,K409,,20250619,경강선,1509,부발,K418,N,경강선,,1509,부발,K418,N,,06:27:00,,K7510,상행,2025-05-01T05:00:00,,평일
경강선,1501,판교,K409,,20250619,경강선,1509,부발,K418,N,경강선,,1508,이천,K417,N,06:30:30,06:31:00,,K7510,상행,2025-05-01T05:00:00,,평일
경강선,1501,판교,K409,,20250619,경강선,1509,부발,K418,N,경강선,,1507,신둔도예촌,K416,N,06:36:30,06:37:00,,K7510,상행,2025-05-01T05:00:00,,평일
경강선,1501,판교,K409,,20250619,경강선,1509,부발,K418,N,경강선,,1506,곤지암,K415,N,06:42:00,06:42:30,,K7510,상행,2025-05-01T05:00:00,,평일
경강선,1501,판교,K409,,20250619,경강선,1509,부발,K418,N,경강선,,1505,초월,K414,N,06:46:30,06:47:00,,K7510,상행,2025-05-01T05:00:00,,평일
경강선,1501,판교,K409,,20250619,경강선,1509,부발,K418,N,경강선,,1504,경기광주,K413,N,06:51:00,06:52:00,,K7510,상행,2025-05-01T05:00:00,,평일
경강선,1501,판교,K409,,20250619,경강선,1509,부발,K418,N,경강선,,1503,삼동,K412,N,06:56:00,06:56:30,,K7510,상행,2025-05-01T05:00:00,,평일
경강선,1501,판교,K409,,20250619,경강선,1509,부발,K418,N,경강선,,1502,이매,K411,N,07:01:30,07:02:00,,K7510,상행,2025-05-01T05:00:00,,평일
경강선,1501,판교,K409,,20250619,경강선,1509,부발,K418,N,경강선,,1512,성남,K410,N,07:03:30,07:04:00,,K7510,상행,2025-05-01T05:00:00,,평일
경강선,1501,판교,K409,,20250619,경강선,1509,부발,K418,N,경강선,,1501,판교,K409,N,07:06:00,,,K7510,상행,2025-05-01T05:00:00,,평일
경강선,1501,판교,K409,,20250619,경강선,1511,여주,K420,N,경강선,,1511,여주,K420,N,,06:29:00,,K7512,상행,2025-05-01T05:00:00,,평일
경강선,1501,판교,K409,,20250619,경강선,1511,여주,K420,N,경강선,,1510,세종대왕릉,K419,N,06:33:30,06:34:00,,K7512,상행,2025-05-01T05:00:00,,평일
경강선,1501,판교,K409,,20250619,경강선,1511,여주,K420,N,경강선,,1509,부발,K418,N,06:40:00,06:40:30,,K7512,상행,2025-05-01T05:00:00,,평일
경강선,1501,판교,K409,,20250619,경강선,1511,여주,K420,N,경강선,,1508,이천,K417,N,06:44:00,06:44:30,,K7512,상행,2025-05-01T05:00:00,,평일
경강선,1501,판교,K409,,20250619,경강선,1511,여주,K420,N,경강선,,1507,신둔도예촌,K416,N,06:50:00,06:50:30,,K7512,상행,2025-05-01T05:00:00,,평일
경강선,1501,판교,K409,,20250619,경강선,1511,여주,K420,N,경강선,,1506,곤지암,K415,N,06:55:30,06:56:00,,K7512,상행,2025-05-01T05:00:00,,평일
경강선,1501,판교,K409,,20250619,경강선,1511,여주,K420,N,경강선,,1505,초월,K414,N,07:00:00,07:00:30,,K7512,상행,2025-05-01T05:00:00,,평일
경강선,1501,판교,K409,,20250619,경강선,1511,여주,K420,N,경강선,,1504,경기광주,K413,N,07:04:30,07:05:30,,K7512,상행,2025-05-01T05:00:00,,평일
경강선,1501,판교,K409,,20250619,경강선,1511,여주,K420,N,경강선,,1503,삼동,K412,N,07:09:30,07:10:00,,K7512,상행,2025-05-01T05:00:00,,평일
경강선,1501,판교,K409,,20250619,경강선,1511,여주,K420,N,경강선,,1502,이매,K411,N,07:15:00,07:15:30,,K7512,상행,2025-05-01T05:00:00,,평일
경강선,1501,판교,K409,,20250619,경강선,1511,여주,K420,N,경강선,,1512,성남,K410,N,07:17:00,07:17:30,,K7512,상행,2025-05-01T05:00:00,,평일
경강선,1501,판교,K409,,20250619,경강선,1511,여주,K420,N,경강선,,1501,판교,K409,N,07:19:30,,,K7512,상행,2025-05-01T05:00:00,,평일
경강선,1501,판교,K409,,20250619,경강선,1509,부발,K418,N,경강선,,1509,부발,K418,N,,06:53:00,,K7514,상행,2025-05-01T05:00:00,,평일
경강선,1501,판교,K409,,20250619,경강선,1509,부발,K418,N,경강선,,1508,이천,K417,N,06:56:30,06:57:00,,K7514,상행,2025-05-01T05:00:00,,평일
경강선,1501,판교,K409,,20250619,경강선,1509,부발,K418,N,경강선,,1507,신둔도예촌,K416,N,07:02:30,07:03:00,,K7514,상행,2025-05-01T05:00:00,,평일
경강선,1501,판교,K409,,20250619,경강선,1509,부발,K418,N,경강선,,1506,곤지암,K415,N,07:08:00,07:08:30,,K7514,상행,2025-05-01T05:00:00,,평일
경강선,1501,판교,K409,,20250619,경강선,1509,부발,K418,N,경강선,,1505,초월,K414,N,07:12:30,07:13:00,,K7514,상행,2025-05-01T05:00:00,,평일
경강선,1501,판교,K409,,20250619,경강선,1509,부발,K418,N,경강선,,1504,경기광주,K413,N,07:17:00,07:18:00,,K7514,상행,2025-05-01T05:00:00,,평일
경강선,1501,판교,K409,,20250619,경강선,1509,부발,K418,N,경강선,,1503,삼동,K412,N,07:22:00,07:22:30,,K7514,상행,2025-05-01T05:00:00,,평일
경강선,1501,판교,K409,,20250619,경강선,1509,부발,K418,N,경강선,,1502,이매,K411,N,07:27:30,07:28:00,,K7514,상행,2025-05-01T05:00:00,,평일
경강선,1501,판교,K409,,20250619,경강선,1509,부발,K418,N,경강선,,1512,성남,K410,N,07:29:30,07:30:00,,K7514,상행,2025-05-01T05:00:00,,평일
경강선,1501,판교,K409,,20250619,경강선,1509,부발,K418,N,경강선,,1501,판교,K409,N,07:32:00,,,K7514,상행,2025-05-01T05:00:00,,평일
경강선,1501,판교,K409,,20250619,경강선,1511,여주,K420,N,경강선,,1511,여주,K420,N,,06:57:00,,K7516,상행,2025-05-01T05:00:00,,평일
경강선,1501,판교,K409,,20250619,경강선,1511,여주,K420,N,경강선,,1510,세종대왕릉,K419,N,07:01:30,07:02:00,,K7516,상행,2025-05-01T05:00:00,,평일
경강선,1501,판교,K409,,20250619,경강선,1511,여주,K420,N,경강선,,1509,부발,K418,N,07:08:00,07:08:30,,K7516,상행,2025-05-01T05:00:00,,평일
경강선,1501,판교,K409,,20250619,경강선,1511,여주,K420,N,경강선,,1508,이천,K417,N,07:12:00,07:12:30,,K7516,상행,2025-05-01T05:00:00,,평일
경강선,1501,판교,K409,,20250619,경강선,1511,여주,K420,N,경강선,,1507,신둔도예촌,K416,N,07:18:00,07:18:30,,K7516,상행,2025-05-01T05:00:00,,평일
경강선,1501,판교,K409,,20250619,경강선,1511,여주,K420,N,경강선,,1506,곤지암,K415,N,07:23:30,07:24:00,,K7516,상행,2025-05-01T05:00:00,,평일
경강선,1501,판교,K409,,20250619,경강선,1511,여주,K420,N,경강선,,1505,초월,K414,N,07:28:00,07:28:30,,K7516,상행,2025-05-01T05:00:00,,평일
경강선,1501,판교,K409,,20250619,경강선,1511,여주,K420,N,경강선,,1504,경기광주,K413,N,07:32:30,07:33:30,,K7516,상행,2025-05-01T05:00:00,,평일
경강선,1501,판교,K409,,20250619,경강선,1511,여주,K420,N,경강선,,1503,삼동,K412,N,07:37:30,07:38:00,,K7516,상행,2025-05-01T05:00:00,,평일
경강선,1501,판교,K409,,20250619,경강선,1511,여주,K420,N,경강선,,1502,이매,K411,N,07:43:00,07:43:30,,K7516,상행,2025-05-01T05:00:00,,평일
경강선,1501,판교,K409,,20250619,경강선,1511,여주,K420,N,경강선,,1512,성남,K410,N,07:45:00,07:45:30,,K7516,상행,2025-05-01T05:00:00,,평일
경강선,1501,판교,K409,,20250619,경강선,1511,여주,K420,N,경강선,,1501,판교,K409,N,07:47:30,,,K7516,상행,2025-05-01T05:00:00,,평일
경강선,1501,판교,K409,,20250619,경강선,1509,부발,K418,N,경강선,,1509,부발,K418,N,,07:17:00,,K7518,상행,2025-05-01T05:00:00,,평일
경강선,1501,판교,K409,,20250619,경강선,1509,부발,K418,N,경강선,,1508,이천,K417,N,07:20:30,07:21:00,,K7518,상행,2025-05-01T05:00:00,,평일
경강선,1501,판교,K409,,20250619,경강선,1509,부발,K418,N,경강선,,1507,신둔도예촌,K416,N,07:26:30,07:27:00,,K7518,상행,2025-05-01T05:00:00,,평일
경강선,1501,판교,K409,,20250619,경강선,1509,부발,K418,N,경강선,,1506,곤지암,K415,N,07:32:00,07:32:30,,K7518,상행,2025-05-01T05:00:00,,평일
경강선,1501,판교,K409,,20250619,경강선,1509,부발,K418,N,경강선,,1505,초월,K414,N,07:36:30,07:37:00,,K7518,상행,2025-05-01T05:00:00,,평일
경강선,1501,판교,K409,,20250619,경강선,1509,부발,K418,N,경강선,,1504,경기광주,K413,N,07:41:00,07:42:00,,K7518,상행,2025-05-01T05:00:00,,평일
경강선,1501,판교,K409,,20250619,경강선,1509,부발,K418,N,경강선,,1503,삼동,K412,N,07:46:00,07:46:30,,K7518,상행,2025-05-01T05:00:00,,평일
경강선,1501,판교,K409,,20250619,경강선,1509,부발,K418,N,경강선,,1502,이매,K411,N,07:51:30,07:52:00,,K7518,상행,2025-05-01T05:00:00,,평일
경강선,1501,판교,K409,,20250619,경강선,1509,부발,K418,N,경강선,,1512,성남,K410,N,07:53:30,07:54:00,,K7518,상행,2025-05-01T05:00:00,,평일
경강선,1501,판교,K409,,20250619,경강선,1509,부발,K418,N,경강선,,1501,판교,K409,N,07:56:00,,,K7518,상행,2025-05-01T05:00:00,,평일
경강선,1501,판교,K409,,20250619,경강선,1511,여주,K420,N,경강선,,1511,여주,K420,N,,07:18:00,,K7520,상행,2025-05-01T05:00:00,,평일
경강선,1501,판교,K409,,20250619,경강선,1511,여주,K420,N,경강선,,1510,세종대왕릉,K419,N,07:22:30,07:23:00,,K7520,상행,2025-05-01T05:00:00,,평일
경강선,1501,판교,K409,,20250619,경강선,1511,여주,K420,N,경강선,,1509,부발,K418,N,07:29:00,07:29:30,,K7520,상행,2025-05-01T05:00:00,,평일
경강선,1501,판교,K409,,20250619,경강선,1511,여주,K420,N,경강선,,1508,이천,K417,N,07:33:00,07:33:30,,K7520,상행,2025-05-01T05:00:00,,평일
경강선,1501,판교,K409,,20250619,경강선,1511,여주,K420,N,경강선,,1507,신둔도예촌,K416,N,07:39:00,07:39:30,,K7520,상행,2025-05-01T05:00:00,,평일
경강선,1501,판교,K409,,20250619,경강선,1511,여주,K420,N,경강선,,1506,곤지암,K415,N,07:44:30,07:45:00,,K7520,상행,2025-05-01T05:00:00,,평일
경강선,1501,판교,K409,,20250619,경강선,1511,여주,K420,N,경강선,,1505,초월,K414,N,07:49:00,07:49:30,,K7520,상행,2025-05-01T05:00:00,,평일
경강선,1501,판교,K409,,20250619,경강선,1511,여주,K420,N,경강선,,1504,경기광주,K413,N,07:53:30,07:54:30,,K7520,상행,2025-05-01T05:00:00,,평일
경강선,1501,판교,K409,,20250619,경강선,1511,여주,K420,N,경강선,,1503,삼동,K412,N,07:58:30,07:59:00,,K7520,상행,2025-05-01T05:00:00,,평일
경강선,1501,판교,K409,,20250619,경강선,1511,여주,K420,N,경강선,,1502,이매,K411,N,08:04:00,08:04:30,,K7520,상행,2025-05-01T05:00:00,,평일
경강선,1501,판교,K409,,20250619,경강선,1511,여주,K420,N,경강선,,1512,성남,K410,N,08:06:00,08:06:30,,K7520,상행,2025-05-01T05:00:00,,평일
경강선,1501,판교,K409,,20250619,경강선,1511,여주,K420,N,경강선,,1501,판교,K409,N,08:08:30,,,K7520,상행,2025-05-01T05:00:00,,평일
경강선,1501,판교,K409,,20250619,경강선,1509,부발,K418,N,경강선,,1509,부발,K418,N,,07:45:00,,K7522,상행,2025-05-01T05:00:00,,평일
경강선,1501,판교,K409,,20250619,경강선,1509,부발,K418,N,경강선,,1508,이천,K417,N,07:48:30,07:49:00,,K7522,상행,2025-05-01T05:00:00,,평일
경강선,1501,판교,K409,,20250619,경강선,1509,부발,K418,N,경강선,,1507,신둔도예촌,K416,N,07:54:30,07:55:00,,K7522,상행,2025-05-01T05:00:00,,평일
경강선,1501,판교,K409,,20250619,경강선,1509,부발,K418,N,경강선,,1506,곤지암,K415,N,08:00:00,08:00:30,,K7522,상행,2025-05-01T05:00:00,,평일
경강선,1501,판교,K409,,20250619,경강선,1509,부발,K418,N,경강선,,1505,초월,K414,N,08:04:30,08:05:00,,K7522,상행,2025-05-01T05:00:00,,평일
경강선,1501,판교,K409,,20250619,경강선,1509,부발,K418,N,경강선,,1504,경기광주,K413,N,08:09:00,08:10:00,,K7522,상행,2025-05-01T05:00:00,,평일
경강선,1501,판교,K409,,20250619,경강선,1509,부발,K418,N,경강선,,1503,삼동,K412,N,08:14:00,08:14:30,,K7522,상행,2025-05-01T05:00:00,,평일
경강선,1501,판교,K409,,20250619,경강선,1509,부발,K418,N,경강선,,1502,이매,K411,N,08:19:30,08:20:00,,K7522,상행,2025-05-01T05:00:00,,평일
경강선,1501,판교,K409,,20250619,경강선,1509,부발,K418,N,경강선,,1512,성남,K410,N,08:21:30,08:22:00,,K7522,상행,2025-05-01T05:00:00,,평일
경강선,1501,판교,K409,,20250619,경강선,1509,부발,K418,N,경강선,,1501,판교,K409,N,08:24:00,,,K7522,상행,2025-05-01T05:00:00,,평일
경강선,1501,판교,K409,,20250619,경강선,1511,여주,K420,N,경강선,,1511,여주,K420,N,,07:43:00,,K7524,상행,2025-05-01T05:00:00,,평일
경강선,1501,판교,K409,,20250619,경강선,1511,여주,K420,N,경강선,,1510,세종대왕릉,K419,N,07:47:30,07:48:00,,K7524,상행,2025-05-01T05:00:00,,평일
경강선,1501,판교,K409,,20250619,경강선,1511,여주,K420,N,경강선,,1509,부발,K418,N,07:54:00,07:54:30,,K7524,상행,2025-05-01T05:00:00,,평일
경강선,1501,판교,K409,,20250619,경강선,1511,여주,K420,N,경강선,,1508,이천,K417,N,07:58:00,07:58:30,,K7524,상행,2025-05-01T05:00:00,,평일
경강선,1501,판교,K409,,20250619,경강선,1511,여주,K420,N,경강선,,1507,신둔도예촌,K416,N,08:04:00,08:04:30,,K7524,상행,2025-05-01T05:00:00,,평일
경강선,1501,판교,K409,,20250619,경강선,1511,여주,K420,N,경강선,,1506,곤지암,K415,N,08:09:30,08:10:00,,K7524,상행,2025-05-01T05:00:00,,평일
경강선,1501,판교,K409,,20250619,경강선,1511,여주,K420,N,경강선,,1505,초월,K414,N,08:14:00,08:14:30,,K7524,상행,2025-05-01T05:00:00,,평일
경강선,1501,판교,K409,,20250619,경강선,1511,여주,K420,N,경강선,,1504,경기광주,K413,N,08:18:30,08:19:30,,K7524,상행,2025-05-01T05:00:00,,평일
경강선,1501,판교,K409,,20250619,경강선,1511,여주,K420,N,경강선,,1503,삼동,K412,N,08:23:30,08:24:00,,K7524,상행,2025-05-01T05:00:00,,평일
경강선,1501,판교,K409,,20250619,경강선,1511,여주,K420,N,경강선,,1502,이매,K411,N,08:29:00,08:29:30,,K7524,상행,2025-05-01T05:00:00,,평일
경강선,1501,판교,K409,,20250619,경강선,1511,여주,K420,N,경강선,,1512,성남,K410,N,08:31:00,08:31:30,,K7524,상행,2025-05-01T05:00:00,,평일
경강선,1501,판교,K409,,20250619,경강선,1511,여주,K420,N,경강선,,1501,판교,K409,N,08:33:30,,,K7524,상행,2025-05-01T05:00:00,,평일
경강선,1501,판교,K409,,20250619,경강선,1509,부발,K418,N,경강선,,1509,부발,K418,N,,08:04:00,,K7526,상행,2025-05-01T05:00:00,,평일
경강선,1501,판교,K409,,20250619,경강선,1509,부발,K418,N,경강선,,1508,이천,K417,N,08:07:30,08:08:00,,K7526,상행,2025-05-01T05:00:00,,평일
경강선,1501,판교,K409,,20250619,경강선,1509,부발,K418,N,경강선,,1507,신둔도예촌,K416,N,08:13:30,08:14:00,,K7526,상행,2025-05-01T05:00:00,,평일
경강선,1501,판교,K409,,20250619,경강선,1509,부발,K418,N,경강선,,1506,곤지암,K415,N,08:19:00,08:19:30,,K7526,상행,2025-05-01T05:00:00,,평일
경강선,1501,판교,K409,,20250619,경강선,1509,부발,K418,N,경강선,,1505,초월,K414,N,08:23:30,08:24:00,,K7526,상행,2025-05-01T05:00:00,,평일
경강선,1501,판교,K409,,20250619,경강선,1509,부발,K418,N,경강선,,1504,경기광주,K413,N,08:28:00,08:29:00,,K7526,상행,2025-05-01T05:00:00,,평일
경강선,1501,판교,K409,,20250619,경강선,1509,부발,K418,N,경강선,,1503,삼동,K412,N,08:33:00,08:33:30,,K7526,상행,2025-05-01T05:00:00,,평일
경강선,1501,판교,K409,,20250619,경강선,1509,부발,K418,N,경강선,,1502,이매,K411,N,08:38:30,08:39:00,,K7526,상행,2025-05-01T05:00:00,,평일
경강선,1501,판교,K409,,20250619,경강선,1509,부발,K418,N,경강선,,1512,성남,K410,N,08:40:30,08:41:00,,K7526,상행,2025-05-01T05:00:00,,평일
경강선,1501,판교,K409,,20250619,경강선,1509,부발,K418,N,경강선,,1501,판교,K409,N,08:43:00,,,K7526,상행,2025-05-01T05:00:00,,평일
경강선,1501,판교,K409,,20250619,경강선,1511,여주,K420,N,경강선,,1511,여주,K420,N,,08:05:00,,K7528,상행,2025-05-01T05:00:00,,평일
경강선,1501,판교,K409,,20250619,경강선,1511,여주,K420,N,경강선,,1510,세종대왕릉,K419,N,08:09:30,08:10:00,,K7528,상행,2025-05-01T05:00:00,,평일
경강선,1501,판교,K409,,20250619,경강선,1511,여주,K420,N,경강선,,1509,부발,K418,N,08:16:00,08:16:30,,K7528,상행,2025-05-01T05:00:00,,평일
경강선,1501,판교,K409,,20250619,경강선,1511,여주,K420,N,경강선,,1508,이천,K417,N,08:20:00,08:20:30,,K7528,상행,2025-05-01T05:00:00,,평일
경강선,1501,판교,K409,,20250619,경강선,1511,여주,K420,N,경강선,,1507,신둔도예촌,K416,N,08:26:00,08:26:30,,K7528,상행,2025-05-01T05:00:00,,평일
경강선,1501,판교,K409,,20250619,경강선,1511,여주,K420,N,경강선,,1506,곤지암,K415,N,08:31:30,08:32:00,,K7528,상행,2025-05-01T05:00:00,,평일
경강선,1501,판교,K409,,20250619,경강선,1511,여주,K420,N,경강선,,1505,초월,K414,N,08:36:00,08:36:30,,K7528,상행,2025-05-01T05:00:00,,평일
경강선,1501,판교,K409,,20250619,경강선,1511,여주,K420,N,경강선,,1504,경기광주,K413,N,08:40:30,08:41:30,,K7528,상행,2025-05-01T05:00:00,,평일
경강선,1501,판교,K409,,20250619,경강선,1511,여주,K420,N,경강선,,1503,삼동,K412,N,08:45:30,08:46:00,,K7528,상행,2025-05-01T05:00:00,,평일
경강선,1501,판교,K409,,20250619,경강선,1511,여주,K420,N,경강선,,1502,이매,K411,N,08:51:00,08:51:30,,K7528,상행,2025-05-01T05:00:00,,평일
경강선,1501,판교,K409,,20250619,경강선,1511,여주,K420,N,경강선,,1512,성남,K410,N,08:53:00,08:53:30,,K7528,상행,2025-05-01T05:00:00,,평일
경강선,1501,판교,K409,,20250619,경강선,1511,여주,K420,N,경강선,,1501,판교,K409,N,08:55:30,,,K7528,상행,2025-05-01T05:00:00,,평일
경강선,1501,판교,K409,,20250619,경강선,1511,여주,K420,N,경강선,,1511,여주,K420,N,,08:28:00,,K7530,상행,2025-05-01T05:00:00,,평일
경강선,1501,판교,K409,,20250619,경강선,1511,여주,K420,N,경강선,,1510,세종대왕릉,K419,N,08:32:30,08:33:00,,K7530,상행,2025-05-01T05:00:00,,평일
경강선,1501,판교,K409,,20250619,경강선,1511,여주,K420,N,경강선,,1509,부발,K418,N,08:39:00,08:39:30,,K7530,상행,2025-05-01T05:00:00,,평일
경강선,1501,판교,K409,,20250619,경강선,1511,여주,K420,N,경강선,,1508,이천,K417,N,08:43:00,08:43:30,,K7530,상행,2025-05-01T05:00:00,,평일
경강선,1501,판교,K409,,20250619,경강선,1511,여주,K420,N,경강선,,1507,신둔도예촌,K416,N,08:49:00,08:49:30,,K7530,상행,2025-05-01T05:00:00,,평일
경강선,1501,판교,K409,,20250619,경강선,1511,여주,K420,N,경강선,,1506,곤지암,K415,N,08:54:30,08:55:00,,K7530,상행,2025-05-01T05:00:00,,평일
경강선,1501,판교,K409,,20250619,경강선,1511,여주,K420,N,경강선,,1505,초월,K414,N,08:59:00,08:59:30,,K7530,상행,2025-05-01T05:00:00,,평일
경강선,1501,판교,K409,,20250619,경강선,1511,여주,K420,N,경강선,,1504,경기광주,K413,N,09:03:30,09:04:30,,K7530,상행,2025-05-01T05:00:00,,평일
경강선,1501,판교,K409,,20250619,경강선,1511,여주,K420,N,경강선,,1503,삼동,K412,N,09:08:30,09:09:00,,K7530,상행,2025-05-01T05:00:00,,평일
경강선,1501,판교,K409,,20250619,경강선,1511,여주,K420,N,경강선,,1502,이매,K411,N,09:14:00,09:14:30,,K7530,상행,2025-05-01T05:00:00,,평일
경강선,1501,판교,K409,,20250619,경강선,1511,여주,K420,N,경강선,,1512,성남,K410,N,09:16:00,09:16:30,,K7530,상행,2025-05-01T05:00:00,,평일
경강선,1501,판교,K409,,20250619,경강선,1511,여주,K420,N,경강선,,1501,판교,K409,N,09:18:30,,,K7530,상행,2025-05-01T05:00:00,,평일
경강선,1501,판교,K409,,20250619,경강선,1511,여주,K420,N,경강선,,1511,여주,K420,N,,08:56:00,,K7532,상행,2025-05-01T05:00:00,,평일
경강선,1501,판교,K409,,20250619,경강선,1511,여주,K420,N,경강선,,1510,세종대왕릉,K419,N,09:00:30,09:01:00,,K7532,상행,2025-05-01T05:00:00,,평일
경강선,1501,판교,K409,,20250619,경강선,1511,여주,K420,N,경강선,,1509,부발,K418,N,09:07:00,09:07:30,,K7532,상행,2025-05-01T05:00:00,,평일
경강선,1501,판교,K409,,20250619,경강선,1511,여주,K420,N,경강선,,1508,이천,K417,N,09:11:00,09:11:30,,K7532,상행,2025-05-01T05:00:00,,평일
경강선,1501,판교,K409,,20250619,경강선,1511,여주,K420,N,경강선,,1507,신둔도예촌,K416,N,09:17:00,09:17:30,,K7532,상행,2025-05-01T05:00:00,,평일
경강선,1501,판교,K409,,20250619,경강선,1511,여주,K420,N,경강선,,1506,곤지암,K415,N,09:22:30,09:23:00,,K7532,상행,2025-05-01T05:00:00,,평일
경강선,1501,판교,K409,,20250619,경강선,1511,여주,K420,N,경강선,,1505,초월,K414,N,09:27:00,09:27:30,,K7532,상행,2025-05-01T05:00:00,,평일
경강선,1501,판교,K409,,20250619,경강선,1511,여주,K420,N,경강선,,1504,경기광주,K413,N,09:31:30,09:32:30,,K7532,상행,2025-05-01T05:00:00,,평일
경강선,1501,판교,K409,,20250619,경강선,1511,여주,K420,N,경강선,,1503,삼동,K412,N,09:36:30,09:37:00,,K7532,상행,2025-05-01T05:00:00,,평일
경강선,1501,판교,K409,,20250619,경강선,1511,여주,K420,N,경강선,,1502,이매,K411,N,09:42:00,09:42:30,,K7532,상행,2025-05-01T05:00:00,,평일
경강선,1501,판교,K409,,20250619,경강선,1511,여주,K420,N,경강선,,1512,성남,K410,N,09:44:00,09:44:30,,K7532,상행,2025-05-01T05:00:00,,평일
경강선,1501,판교,K409,,20250619,경강선,1511,여주,K420,N,경강선,,1501,판교,K409,N,09:46:30,,,K7532,상행,2025-05-01T05:00:00,,평일
경강선,1501,판교,K409,,20250619,경강선,1509,부발,K418,N,경강선,,1509,부발,K418,N,,09:22:00,,K7534,상행,2025-05-01T05:00:00,,평일
경강선,1501,판교,K409,,20250619,경강선,1509,부발,K418,N,경강선,,1508,이천,K417,N,09:25:30,09:26:00,,K7534,상행,2025-05-01T05:00:00,,평일
경강선,1501,판교,K409,,20250619,경강선,1509,부발,K418,N,경강선,,1507,신둔도예촌,K416,N,09:31:30,09:32:00,,K7534,상행,2025-05-01T05:00:00,,평일
경강선,1501,판교,K409,,20250619,경강선,1509,부발,K418,N,경강선,,1506,곤지암,K415,N,09:37:00,09:37:30,,K7534,상행,2025-05-01T05:00:00,,평일
경강선,1501,판교,K409,,20250619,경강선,1509,부발,K418,N,경강선,,1505,초월,K414,N,09:41:30,09:42:00,,K7534,상행,2025-05-01T05:00:00,,평일
경강선,1501,판교,K409,,20250619,경강선,1509,부발,K418,N,경강선,,1504,경기광주,K413,N,09:46:00,09:47:00,,K7534,상행,2025-05-01T05:00:00,,평일
경강선,1501,판교,K409,,20250619,경강선,1509,부발,K418,N,경강선,,1503,삼동,K412,N,09:51:00,09:51:30,,K7534,상행,2025-05-01T05:00:00,,평일
경강선,1501,판교,K409,,20250619,경강선,1509,부발,K418,N,경강선,,1502,이매,K411,N,09:56:30,09:57:00,,K7534,상행,2025-05-01T05:00:00,,평일
경강선,1501,판교,K409,,20250619,경강선,1509,부발,K418,N,경강선,,1512,성남,K410,N,09:58:30,09:59:00,,K7534,상행,2025-05-01T05:00:00,,평일
경강선,1501,판교,K409,,20250619,경강선,1509,부발,K418,N,경강선,,1501,판교,K409,N,10:01:00,,,K7534,상행,2025-05-01T05:00:00,,평일
경강선,1501,판교,K409,,20250619,경강선,1511,여주,K420,N,경강선,,1511,여주,K420,N,,09:30:00,,K7536,상행,2025-05-01T05:00:00,,평일
경강선,1501,판교,K409,,20250619,경강선,1511,여주,K420,N,경강선,,1510,세종대왕릉,K419,N,09:34:30,09:35:00,,K7536,상행,2025-05-01T05:00:00,,평일
경강선,1501,판교,K409,,20250619,경강선,1511,여주,K420,N,경강선,,1509,부발,K418,N,09:41:00,09:41:30,,K7536,상행,2025-05-01T05:00:00,,평일
경강선,1501,판교,K409,,20250619,경강선,1511,여주,K420,N,경강선,,1508,이천,K417,N,09:45:00,09:45:30,,K7536,상행,2025-05-01T05:00:00,,평일
경강선,1501,판교,K409,,20250619,경강선,1511,여주,K420,N,경강선,,1507,신둔도예촌,K416,N,09:51:00,09:51:30,,K7536,상행,2025-05-01T05:00:00,,평일
경강선,1501,판교,K409,,20250619,경강선,1511,여주,K420,N,경강선,,1506,곤지암,K415,N,09:56:30,09:57:00,,K7536,상행,2025-05-01T05:00:00,,평일
경강선,1501,판교,K409,,20250619,경강선,1511,여주,K420,N,경강선,,1505,초월,K414,N,10:01:00,10:01:30,,K7536,상행,2025-05-01T05:00:00,,평일
경강선,1501,판교,K409,,20250619,경강선,1511,여주,K420,N,경강선,,1504,경기광주,K413,N,10:05:30,10:06:30,,K7536,상행,2025-05-01T05:00:00,,평일
경강선,1501,판교,K409,,20250619,경강선,1511,여주,K420,N,경강선,,1503,삼동,K412,N,10:10:30,10:11:00,,K7536,상행,2025-05-01T05:00:00,,평일
경강선,1501,판교,K409,,20250619,경강선,1511,여주,K420,N,경강선,,1502,이매,K411,N,10:16:00,10:16:30,,K7536,상행,2025-05-01T05:00:00,,평일
경강선,1501,판교,K409,,20250619,경강선,1511,여주,K420,N,경강선,,1512,성남,K410,N,10:18:00,10:18:30,,K7536,상행,2025-05-01T05:00:00,,평일
경강선,1501,판교,K409,,20250619,경강선,1511,여주,K420,N,경강선,,1501,판교,K409,N,10:20:30,,,K7536,상행,2025-05-01T05:00:00,,평일
경강선,1501,판교,K409,,20250619,경강선,1511,여주,K420,N,경강선,,1511,여주,K420,N,,09:50:00,,K7538,상행,2025-05-01T05:00:00,,평일
경강선,1501,판교,K409,,20250619,경강선,1511,여주,K420,N,경강선,,1510,세종대왕릉,K419,N,09:54:30,09:55:00,,K7538,상행,2025-05-01T05:00:00,,평일
경강선,1501,판교,K409,,20250619,경강선,1511,여주,K420,N,경강선,,1509,부발,K418,N,10:01:00,10:01:30,,K7538,상행,2025-05-01T05:00:00,,평일
경강선,1501,판교,K409,,20250619,경강선,1511,여주,K420,N,경강선,,1508,이천,K417,N,10:05:00,10:05:30,,K7538,상행,2025-05-01T05:00:00,,평일
경강선,1501,판교,K409,,20250619,경강선,1511,여주,K420,N,경강선,,1507,신둔도예촌,K416,N,10:11:00,10:11:30,,K7538,상행,2025-05-01T05:00:00,,평일
경강선,1501,판교,K409,,20250619,경강선,1511,여주,K420,N,경강선,,1506,곤지암,K415,N,10:16:30,10:17:00,,K7538,상행,2025-05-01T05:00:00,,평일
경강선,1501,판교,K409,,20250619,경강선,1511,여주,K420,N,경강선,,1505,초월,K414,N,10:21:00,10:21:30,,K7538,상행,2025-05-01T05:00:00,,평일
경강선,1501,판교,K409,,20250619,경강선,1511,여주,K420,N,경강선,,1504,경기광주,K413,N,10:25:30,10:26:30,,K7538,상행,2025-05-01T05:00:00,,평일
경강선,1501,판교,K409,,20250619,경강선,1511,여주,K420,N,경강선,,1503,삼동,K412,N,10:30:30,10:31:00,,K7538,상행,2025-05-01T05:00:00,,평일
경강선,1501,판교,K409,,20250619,경강선,1511,여주,K420,N,경강선,,1502,이매,K411,N,10:36:00,10:36:30,,K7538,상행,2025-05-01T05:00:00,,평일
경강선,1501,판교,K409,,20250619,경강선,1511,여주,K420,N,경강선,,1512,성남,K410,N,10:38:00,10:38:30,,K7538,상행,2025-05-01T05:00:00,,평일
경강선,1501,판교,K409,,20250619,경강선,1511,여주,K420,N,경강선,,1501,판교,K409,N,10:40:30,,,K7538,상행,2025-05-01T05:00:00,,평일
경강선,1501,판교,K409,,20250619,경강선,1511,여주,K420,N,경강선,,1511,여주,K420,N,,10:10:00,,K7540,상행,2025-05-01T05:00:00,,평일
경강선,1501,판교,K409,,20250619,경강선,1511,여주,K420,N,경강선,,1510,세종대왕릉,K419,N,10:14:30,10:15:00,,K7540,상행,2025-05-01T05:00:00,,평일
경강선,1501,판교,K409,,20250619,경강선,1511,여주,K420,N,경강선,,1509,부발,K418,N,10:21:00,10:21:30,,K7540,상행,2025-05-01T05:00:00,,평일
경강선,1501,판교,K409,,20250619,경강선,1511,여주,K420,N,경강선,,1508,이천,K417,N,10:25:00,10:25:30,,K7540,상행,2025-05-01T05:00:00,,평일
경강선,1501,판교,K409,,20250619,경강선,1511,여주,K420,N,경강선,,1507,신둔도예촌,K416,N,10:31:00,10:31:30,,K7540,상행,2025-05-01T05:00:00,,평일
경강선,1501,판교,K409,,20250619,경강선,1511,여주,K420,N,경강선,,1506,곤지암,K415,N,10:36:30,10:37:00,,K7540,상행,2025-05-01T05:00:00,,평일
경강선,1501,판교,K409,,20250619,경강선,1511,여주,K420,N,경강선,,1505,초월,K414,N,10:41:00,10:41:30,,K7540,상행,2025-05-01T05:00:00,,평일
경강선,1501,판교,K409,,20250619,경강선,1511,여주,K420,N,경강선,,1504,경기광주,K413,N,10:45:30,10:46:30,,K7540,상행,2025-05-01T05:00:00,,평일
경강선,1501,판교,K409,,20250619,경강선,1511,여주,K420,N,경강선,,1503,삼동,K412,N,10:50:30,10:51:00,,K7540,상행,2025-05-01T05:00:00,,평일
경강선,1501,판교,K409,,20250619,경강선,1511,여주,K420,N,경강선,,1502,이매,K411,N,10:56:00,10:56:30,,K7540,상행,2025-05-01T05:00:00,,평일
경강선,1501,판교,K409,,20250619,경강선,1511,여주,K420,N,경강선,,1512,성남,K410,N,10:58:00,10:58:30,,K7540,상행,2025-05-01T05:00:00,,평일
경강선,1501,판교,K409,,20250619,경강선,1511,여주,K420,N,경강선,,1501,판교,K409,N,11:00:30,,,K7540,상행,2025-05-01T05:00:00,,평일
경강선,1501,판교,K409,,20250619,경강선,1511,여주,K420,N,경강선,,1511,여주,K420,N,,10:34:00,,K7542,상행,2025-05-01T05:00:00,,평일
경강선,1501,판교,K409,,20250619,경강선,1511,여주,K420,N,경강선,,1510,세종대왕릉,K419,N,10:38:30,10:39:00,,K7542,상행,2025-05-01T05:00:00,,평일
경강선,1501,판교,K409,,20250619,경강선,1511,여주,K420,N,경강선,,1509,부발,K418,N,10:45:00,10:45:30,,K7542,상행,2025-05-01T05:00:00,,평일
경강선,1501,판교,K409,,20250619,경강선,1511,여주,K420,N,경강선,,1508,이천,K417,N,10:49:00,10:49:30,,K7542,상행,2025-05-01T05:00:00,,평일
경강선,1501,판교,K409,,20250619,경강선,1511,여주,K420,N,경강선,,1507,신둔도예촌,K416,N,10:55:00,10:55:30,,K7542,상행,2025-05-01T05:00:00,,평일
경강선,1501,판교,K409,,20250619,경강선,1511,여주,K420,N,경강선,,1506,곤지암,K415,N,11:00:30,11:01:00,,K7542,상행,2025-05-01T05:00:00,,평일
경강선,1501,판교,K409,,20250619,경강선,1511,여주,K420,N,경강선,,1505,초월,K414,N,11:05:00,11:05:30,,K7542,상행,2025-05-01T05:00:00,,평일
경강선,1501,판교,K409,,20250619,경강선,1511,여주,K420,N,경강선,,1504,경기광주,K413,N,11:09:30,11:10:30,,K7542,상행,2025-05-01T05:00:00,,평일
경강선,1501,판교,K409,,20250619,경강선,1511,여주,K420,N,경강선,,1503,삼동,K412,N,11:14:30,11:15:00,,K7542,상행,2025-05-01T05:00:00,,평일
경강선,1501,판교,K409,,20250619,경강선,1511,여주,K420,N,경강선,,1502,이매,K411,N,11:20:00,11:20:30,,K7542,상행,2025-05-01T05:00:00,,평일
경강선,1501,판교,K409,,20250619,경강선,1511,여주,K420,N,경강선,,1512,성남,K410,N,11:22:00,11:22:30,,K7542,상행,2025-05-01T05:00:00,,평일
경강선,1501,판교,K409,,20250619,경강선,1511,여주,K420,N,경강선,,1501,판교,K409,N,11:24:30,,,K7542,상행,2025-05-01T05:00:00,,평일
경강선,1501,판교,K409,,20250619,경강선,1511,여주,K420,N,경강선,,1511,여주,K420,N,,10:54:00,,K7544,상행,2025-05-01T05:00:00,,평일
경강선,1501,판교,K409,,20250619,경강선,1511,여주,K420,N,경강선,,1510,세종대왕릉,K419,N,10:58:30,10:59:00,,K7544,상행,2025-05-01T05:00:00,,평일
경강선,1501,판교,K409,,20250619,경강선,1511,여주,K420,N,경강선,,1509,부발,K418,N,11:05:00,11:05:30,,K7544,상행,2025-05-01T05:00:00,,평일
경강선,1501,판교,K409,,20250619,경강선,1511,여주,K420,N,경강선,,1508,이천,K417,N,11:09:00,11:09:30,,K7544,상행,2025-05-01T05:00:00,,평일
경강선,1501,판교,K409,,20250619,경강선,1511,여주,K420,N,경강선,,1507,신둔도예촌,K416,N,11:15:00,11:15:30,,K7544,상행,2025-05-01T05:00:00,,평일
경강선,1501,판교,K409,,20250619,경강선,1511,여주,K420,N,경강선,,1506,곤지암,K415,N,11:20:30,11:21:00,,K7544,상행,2025-05-01T05:00:00,,평일
경강선,1501,판교,K409,,20250619,경강선,1511,여주,K420,N,경강선,,1505,초월,K414,N,11:25:00,11:25:30,,K7544,상행,2025-05-01T05:00:00,,평일
경강선,1501,판교,K409,,20250619,경강선,1511,여주,K420,N,경강선,,1504,경기광주,K413,N,11:29:30,11:30:30,,K7544,상행,2025-05-01T05:00:00,,평일
경강선,1501,판교,K409,,20250619,경강선,1511,여주,K420,N,경강선,,1503,삼동,K412,N,11:34:30,11:35:00,,K7544,상행,2025-05-01T05:00:00,,평일
경강선,1501,판교,K409,,20250619,경강선,1511,여주,K420,N,경강선,,1502,이매,K411,N,11:40:00,11:40:30,,K7544,상행,2025-05-01T05:00:00,,평일
경강선,1501,판교,K409,,20250619,경강선,1511,여주,K420,N,경강선,,1512,성남,K410,N,11:42:00,11:42:30,,K7544,상행,2025-05-01T05:00:00,,평일
경강선,1501,판교,K409,,20250619,경강선,1511,여주,K420,N,경강선,,1501,판교,K409,N,11:44:30,,,K7544,상행,2025-05-01T05:00:00,,평일
경강선,1501,판교,K409,,20250619,경강선,1511,여주,K420,N,경강선,,1511,여주,K420,N,,11:13:00,,K7546,상행,2025-05-01T05:00:00,,평일
경강선,1501,판교,K409,,20250619,경강선,1511,여주,K420,N,경강선,,1510,세종대왕릉,K419,N,11:17:30,11:18:00,,K7546,상행,2025-05-01T05:00:00,,평일
경강선,1501,판교,K409,,20250619,경강선,1511,여주,K420,N,경강선,,1509,부발,K418,N,11:24:00,11:24:30,,K7546,상행,2025-05-01T05:00:00,,평일
경강선,1501,판교,K409,,20250619,경강선,1511,여주,K420,N,경강선,,1508,이천,K417,N,11:28:00,11:28:30,,K7546,상행,2025-05-01T05:00:00,,평일
경강선,1501,판교,K409,,20250619,경강선,1511,여주,K420,N,경강선,,1507,신둔도예촌,K416,N,11:34:00,11:34:30,,K7546,상행,2025-05-01T05:00:00,,평일
경강선,1501,판교,K409,,20250619,경강선,1511,여주,K420,N,경강선,,1506,곤지암,K415,N,11:39:30,11:40:00,,K7546,상행,2025-05-01T05:00:00,,평일
경강선,1501,판교,K409,,20250619,경강선,1511,여주,K420,N,경강선,,1505,초월,K414,N,11:44:00,11:44:30,,K7546,상행,2025-05-01T05:00:00,,평일
경강선,1501,판교,K409,,20250619,경강선,1511,여주,K420,N,경강선,,1504,경기광주,K413,N,11:48:30,11:49:30,,K7546,상행,2025-05-01T05:00:00,,평일
경강선,1501,판교,K409,,20250619,경강선,1511,여주,K420,N,경강선,,1503,삼동,K412,N,11:53:30,11:54:00,,K7546,상행,2025-05-01T05:00:00,,평일
경강선,1501,판교,K409,,20250619,경강선,1511,여주,K420,N,경강선,,1502,이매,K411,N,11:59:00,11:59:30,,K7546,상행,2025-05-01T05:00:00,,평일
경강선,1501,판교,K409,,20250619,경강선,1511,여주,K420,N,경강선,,1512,성남,K410,N,12:01:00,12:01:30,,K7546,상행,2025-05-01T05:00:00,,평일
경강선,1501,판교,K409,,20250619,경강선,1511,여주,K420,N,경강선,,1501,판교,K409,N,12:03:30,,,K7546,상행,2025-05-01T05:00:00,,평일
경강선,1501,판교,K409,,20250619,경강선,1511,여주,K420,N,경강선,,1511,여주,K420,N,,11:30:00,,K7548,상행,2025-05-01T05:00:00,,평일
경강선,1501,판교,K409,,20250619,경강선,1511,여주,K420,N,경강선,,1510,세종대왕릉,K419,N,11:34:30,11:35:00,,K7548,상행,2025-05-01T05:00:00,,평일
경강선,1501,판교,K409,,20250619,경강선,1511,여주,K420,N,경강선,,1509,부발,K418,N,11:41:00,11:41:30,,K7548,상행,2025-05-01T05:00:00,,평일
경강선,1501,판교,K409,,20250619,경강선,1511,여주,K420,N,경강선,,1508,이천,K417,N,11:45:00,11:45:30,,K7548,상행,2025-05-01T05:00:00,,평일
경강선,1501,판교,K409,,20250619,경강선,1511,여주,K420,N,경강선,,1507,신둔도예촌,K416,N,11:51:00,11:51:30,,K7548,상행,2025-05-01T05:00:00,,평일
경강선,1501,판교,K409,,20250619,경강선,1511,여주,K420,N,경강선,,1506,곤지암,K415,N,11:56:30,11:57:00,,K7548,상행,2025-05-01T05:00:00,,평일
경강선,1501,판교,K409,,20250619,경강선,1511,여주,K420,N,경강선,,1505,초월,K414,N,12:01:00,12:01:30,,K7548,상행,2025-05-01T05:00:00,,평일
경강선,1501,판교,K409,,20250619,경강선,1511,여주,K420,N,경강선,,1504,경기광주,K413,N,12:05:30,12:06:30,,K7548,상행,2025-05-01T05:00:00,,평일
경강선,1501,판교,K409,,20250619,경강선,1511,여주,K420,N,경강선,,1503,삼동,K412,N,12:10:30,12:11:00,,K7548,상행,2025-05-01T05:00:00,,평일
경강선,1501,판교,K409,,20250619,경강선,1511,여주,K420,N,경강선,,1502,이매,K411,N,12:16:00,12:16:30,,K7548,상행,2025-05-01T05:00:00,,평일
경강선,1501,판교,K409,,20250619,경강선,1511,여주,K420,N,경강선,,1512,성남,K410,N,12:18:00,12:18:30,,K7548,상행,2025-05-01T05:00:00,,평일
경강선,1501,판교,K409,,20250619,경강선,1511,여주,K420,N,경강선,,1501,판교,K409,N,12:20:30,,,K7548,상행,2025-05-01T05:00:00,,평일
경강선,1501,판교,K409,,20250619,경강선,1511,여주,K420,N,경강선,,1511,여주,K420,N,,11:54:00,,K7550,상행,2025-05-01T05:00:00,,평일
경강선,1501,판교,K409,,20250619,경강선,1511,여주,K420,N,경강선,,1510,세종대왕릉,K419,N,11:58:30,11:59:00,,K7550,상행,2025-05-01T05:00:00,,평일
경강선,1501,판교,K409,,20250619,경강선,1511,여주,K420,N,경강선,,1509,부발,K418,N,12:05:00,12:05:30,,K7550,상행,2025-05-01T05:00:00,,평일
경강선,1501,판교,K409,,20250619,경강선,1511,여주,K420,N,경강선,,1508,이천,K417,N,12:09:00,12:09:30,,K7550,상행,2025-05-01T05:00:00,,평일
경강선,1501,판교,K409,,20250619,경강선,1511,여주,K420,N,경강선,,1507,신둔도예촌,K416,N,12:15:00,12:15:30,,K7550,상행,2025-05-01T05:00:00,,평일
경강선,1501,판교,K409,,20250619,경강선,1511,여주,K420,N,경강선,,1506,곤지암,K415,N,12:20:30,12:21:00,,K7550,상행,2025-05-01T05:00:00,,평일
경강선,1501,판교,K409,,20250619,경강선,1511,여주,K420,N,경강선,,1505,초월,K414,N,12:25:00,12:25:30,,K7550,상행,2025-05-01T05:00:00,,평일
경강선,1501,판교,K409,,20250619,경강선,1511,여주,K420,N,경강선,,1504,경기광주,K413,N,12:29:30,12:30:30,,K7550,상행,2025-05-01T05:00:00,,평일
경강선,1501,판교,K409,,20250619,경강선,1511,여주,K420,N,경강선,,1503,삼동,K412,N,12:34:30,12:35:00,,K7550,상행,2025-05-01T05:00:00,,평일
경강선,1501,판교,K409,,20250619,경강선,1511,여주,K420,N,경강선,,1502,이매,K411,N,12:40:00,12:40:30,,K7550,상행,2025-05-01T05:00:00,,평일
경강선,1501,판교,K409,,20250619,경강선,1511,여주,K420,N,경강선,,1512,성남,K410,N,12:42:00,12:42:30,,K7550,상행,2025-05-01T05:00:00,,평일
경강선,1501,판교,K409,,20250619,경강선,1511,여주,K420,N,경강선,,1501,판교,K409,N,12:44:30,,,K7550,상행,2025-05-01T05:00:00,,평일
경강선,1501,판교,K409,,20250619,경강선,1511,여주,K420,N,경강선,,1511,여주,K420,N,,12:14:00,,K7552,상행,2025-05-01T05:00:00,,평일
경강선,1501,판교,K409,,20250619,경강선,1511,여주,K420,N,경강선,,1510,세종대왕릉,K419,N,12:18:30,12:19:00,,K7552,상행,2025-05-01T05:00:00,,평일
경강선,1501,판교,K409,,20250619,경강선,1511,여주,K420,N,경강선,,1509,부발,K418,N,12:25:00,12:25:30,,K7552,상행,2025-05-01T05:00:00,,평일
경강선,1501,판교,K409,,20250619,경강선,1511,여주,K420,N,경강선,,1508,이천,K417,N,12:29:00,12:29:30,,K7552,상행,2025-05-01T05:00:00,,평일
경강선,1501,판교,K409,,20250619,경강선,1511,여주,K420,N,경강선,,1507,신둔도예촌,K416,N,12:35:00,12:35:30,,K7552,상행,2025-05-01T05:00:00,,평일
경강선,1501,판교,K409,,20250619,경강선,1511,여주,K420,N,경강선,,1506,곤지암,K415,N,12:40:30,12:41:00,,K7552,상행,2025-05-01T05:00:00,,평일
경강선,1501,판교,K409,,20250619,경강선,1511,여주,K420,N,경강선,,1505,초월,K414,N,12:45:00,12:45:30,,K7552,상행,2025-05-01T05:00:00,,평일
경강선,1501,판교,K409,,20250619,경강선,1511,여주,K420,N,경강선,,1504,경기광주,K413,N,12:49:30,12:50:30,,K7552,상행,2025-05-01T05:00:00,,평일
경강선,1501,판교,K409,,20250619,경강선,1511,여주,K420,N,경강선,,1503,삼동,K412,N,12:54:30,12:55:00,,K7552,상행,2025-05-01T05:00:00,,평일
경강선,1501,판교,K409,,20250619,경강선,1511,여주,K420,N,경강선,,1502,이매,K411,N,13:00:00,13:00:30,,K7552,상행,2025-05-01T05:00:00,,평일
경강선,1501,판교,K409,,20250619,경강선,1511,여주,K420,N,경강선,,1512,성남,K410,N,13:02:00,13:02:30,,K7552,상행,2025-05-01T05:00:00,,평일
경강선,1501,판교,K409,,20250619,경강선,1511,여주,K420,N,경강선,,1501,판교,K409,N,13:04:30,,,K7552,상행,2025-05-01T05:00:00,,평일
경강선,1501,판교,K409,,20250619,경강선,1511,여주,K420,N,경강선,,1511,여주,K420,N,,12:32:00,,K7554,상행,2025-05-01T05:00:00,,평일
경강선,1501,판교,K409,,20250619,경강선,1511,여주,K420,N,경강선,,1510,세종대왕릉,K419,N,12:36:30,12:37:00,,K7554,상행,2025-05-01T05:00:00,,평일
경강선,1501,판교,K409,,20250619,경강선,1511,여주,K420,N,경강선,,1509,부발,K418,N,12:43:00,12:43:30,,K7554,상행,2025-05-01T05:00:00,,평일
경강선,1501,판교,K409,,20250619,경강선,1511,여주,K420,N,경강선,,1508,이천,K417,N,12:47:00,12:47:30,,K7554,상행,2025-05-01T05:00:00,,평일
경강선,1501,판교,K409,,20250619,경강선,1511,여주,K420,N,경강선,,1507,신둔도예촌,K416,N,12:53:00,12:53:30,,K7554,상행,2025-05-01T05:00:00,,평일
경강선,1501,판교,K409,,20250619,경강선,1511,여주,K420,N,경강선,,1506,곤지암,K415,N,12:58:30,12:59:00,,K7554,상행,2025-05-01T05:00:00,,평일
경강선,1501,판교,K409,,20250619,경강선,1511,여주,K420,N,경강선,,1505,초월,K414,N,13:03:00,13:03:30,,K7554,상행,2025-05-01T05:00:00,,평일
경강선,1501,판교,K409,,20250619,경강선,1511,여주,K420,N,경강선,,1504,경기광주,K413,N,13:07:30,13:08:30,,K7554,상행,2025-05-01T05:00:00,,평일
경강선,1501,판교,K409,,20250619,경강선,1511,여주,K420,N,경강선,,1503,삼동,K412,N,13:12:30,13:13:00,,K7554,상행,2025-05-01T05:00:00,,평일
경강선,1501,판교,K409,,20250619,경강선,1511,여주,K420,N,경강선,,1502,이매,K411,N,13:18:00,13:18:30,,K7554,상행,2025-05-01T05:00:00,,평일
경강선,1501,판교,K409,,20250619,경강선,1511,여주,K420,N,경강선,,1512,성남,K410,N,13:20:00,13:20:30,,K7554,상행,2025-05-01T05:00:00,,평일
경강선,1501,판교,K409,,20250619,경강선,1511,여주,K420,N,경강선,,1501,판교,K409,N,13:22:30,,,K7554,상행,2025-05-01T05:00:00,,평일
경강선,1501,판교,K409,,20250619,경강선,1511,여주,K420,N,경강선,,1511,여주,K420,N,,12:53:00,,K7556,상행,2025-05-01T05:00:00,,평일
경강선,1501,판교,K409,,20250619,경강선,1511,여주,K420,N,경강선,,1510,세종대왕릉,K419,N,12:57:30,12:58:00,,K7556,상행,2025-05-01T05:00:00,,평일
경강선,1501,판교,K409,,20250619,경강선,1511,여주,K420,N,경강선,,1509,부발,K418,N,13:04:00,13:04:30,,K7556,상행,2025-05-01T05:00:00,,평일
경강선,1501,판교,K409,,20250619,경강선,1511,여주,K420,N,경강선,,1508,이천,K417,N,13:08:00,13:08:30,,K7556,상행,2025-05-01T05:00:00,,평일
경강선,1501,판교,K409,,20250619,경강선,1511,여주,K420,N,경강선,,1507,신둔도예촌,K416,N,13:14:00,13:14:30,,K7556,상행,2025-05-01T05:00:00,,평일
경강선,1501,판교,K409,,20250619,경강선,1511,여주,K420,N,경강선,,1506,곤지암,K415,N,13:19:30,13:20:00,,K7556,상행,2025-05-01T05:00:00,,평일
경강선,1501,판교,K409,,20250619,경강선,1511,여주,K420,N,경강선,,1505,초월,K414,N,13:24:00,13:24:30,,K7556,상행,2025-05-01T05:00:00,,평일
경강선,1501,판교,K409,,20250619,경강선,1511,여주,K420,N,경강선,,1504,경기광주,K413,N,13:28:30,13:29:30,,K7556,상행,2025-05-01T05:00:00,,평일
경강선,1501,판교,K409,,20250619,경강선,1511,여주,K420,N,경강선,,1503,삼동,K412,N,13:33:30,13:34:00,,K7556,상행,2025-05-01T05:00:00,,평일
경강선,1501,판교,K409,,20250619,경강선,1511,여주,K420,N,경강선,,1502,이매,K411,N,13:39:00,13:39:30,,K7556,상행,2025-05-01T05:00:00,,평일
경강선,1501,판교,K409,,20250619,경강선,1511,여주,K420,N,경강선,,1512,성남,K410,N,13:41:00,13:41:30,,K7556,상행,2025-05-01T05:00:00,,평일
경강선,1501,판교,K409,,20250619,경강선,1511,여주,K420,N,경강선,,1501,판교,K409,N,13:43:30,,,K7556,상행,2025-05-01T05:00:00,,평일
경강선,1501,판교,K409,,20250619,경강선,1511,여주,K420,N,경강선,,1511,여주,K420,N,,13:13:00,,K7558,상행,2025-05-01T05:00:00,,평일
경강선,1501,판교,K409,,20250619,경강선,1511,여주,K420,N,경강선,,1510,세종대왕릉,K419,N,13:17:30,13:18:00,,K7558,상행,2025-05-01T05:00:00,,평일
경강선,1501,판교,K409,,20250619,경강선,1511,여주,K420,N,경강선,,1509,부발,K418,N,13:24:00,13:24:30,,K7558,상행,2025-05-01T05:00:00,,평일
경강선,1501,판교,K409,,20250619,경강선,1511,여주,K420,N,경강선,,1508,이천,K417,N,13:28:00,13:28:30,,K7558,상행,2025-05-01T05:00:00,,평일
경강선,1501,판교,K409,,20250619,경강선,1511,여주,K420,N,경강선,,1507,신둔도예촌,K416,N,13:34:00,13:34:30,,K7558,상행,2025-05-01T05:00:00,,평일
경강선,1501,판교,K409,,20250619,경강선,1511,여주,K420,N,경강선,,1506,곤지암,K415,N,13:39:30,13:40:00,,K7558,상행,2025-05-01T05:00:00,,평일
경강선,1501,판교,K409,,20250619,경강선,1511,여주,K420,N,경강선,,1505,초월,K414,N,13:44:00,13:44:30,,K7558,상행,2025-05-01T05:00:00,,평일
경강선,1501,판교,K409,,20250619,경강선,1511,여주,K420,N,경강선,,1504,경기광주,K413,N,13:48:30,13:49:30,,K7558,상행,2025-05-01T05:00:00,,평일
경강선,1501,판교,K409,,20250619,경강선,1511,여주,K420,N,경강선,,1503,삼동,K412,N,13:53:30,13:54:00,,K7558,상행,2025-05-01T05:00:00,,평일
경강선,1501,판교,K409,,20250619,경강선,1511,여주,K420,N,경강선,,1502,이매,K411,N,13:59:00,13:59:30,,K7558,상행,2025-05-01T05:00:00,,평일
경강선,1501,판교,K409,,20250619,경강선,1511,여주,K420,N,경강선,,1512,성남,K410,N,14:01:00,14:01:30,,K7558,상행,2025-05-01T05:00:00,,평일
경강선,1501,판교,K409,,20250619,경강선,1511,여주,K420,N,경강선,,1501,판교,K409,N,14:03:30,,,K7558,상행,2025-05-01T05:00:00,,평일
경강선,1501,판교,K409,,20250619,경강선,1511,여주,K420,N,경강선,,1511,여주,K420,N,,13:34:00,,K7560,상행,2025-05-01T05:00:00,,평일
경강선,1501,판교,K409,,20250619,경강선,1511,여주,K420,N,경강선,,1510,세종대왕릉,K419,N,13:38:30,13:39:00,,K7560,상행,2025-05-01T05:00:00,,평일
경강선,1501,판교,K409,,20250619,경강선,1511,여주,K420,N,경강선,,1509,부발,K418,N,13:45:00,13:45:30,,K7560,상행,2025-05-01T05:00:00,,평일
경강선,1501,판교,K409,,20250619,경강선,1511,여주,K420,N,경강선,,1508,이천,K417,N,13:49:00,13:49:30,,K7560,상행,2025-05-01T05:00:00,,평일
경강선,1501,판교,K409,,20250619,경강선,1511,여주,K420,N,경강선,,1507,신둔도예촌,K416,N,13:55:00,13:55:30,,K7560,상행,2025-05-01T05:00:00,,평일
경강선,1501,판교,K409,,20250619,경강선,1511,여주,K420,N,경강선,,1506,곤지암,K415,N,14:00:30,14:01:00,,K7560,상행,2025-05-01T05:00:00,,평일
경강선,1501,판교,K409,,20250619,경강선,1511,여주,K420,N,경강선,,1505,초월,K414,N,14:05:00,14:05:30,,K7560,상행,2025-05-01T05:00:00,,평일
경강선,1501,판교,K409,,20250619,경강선,1511,여주,K420,N,경강선,,1504,경기광주,K413,N,14:09:30,14:10:30,,K7560,상행,2025-05-01T05:00:00,,평일
경강선,1501,판교,K409,,20250619,경강선,1511,여주,K420,N,경강선,,1503,삼동,K412,N,14:14:30,14:15:00,,K7560,상행,2025-05-01T05:00:00,,평일
경강선,1501,판교,K409,,20250619,경강선,1511,여주,K420,N,경강선,,1502,이매,K411,N,14:20:00,14:20:30,,K7560,상행,2025-05-01T05:00:00,,평일
경강선,1501,판교,K409,,20250619,경강선,1511,여주,K420,N,경강선,,1512,성남,K410,N,14:22:00,14:22:30,,K7560,상행,2025-05-01T05:00:00,,평일
경강선,1501,판교,K409,,20250619,경강선,1511,여주,K420,N,경강선,,1501,판교,K409,N,14:24:30,,,K7560,상행,2025-05-01T05:00:00,,평일
경강선,1501,판교,K409,,20250619,경강선,1509,부발,K418,N,경강선,,1509,부발,K418,N,,14:05:00,,K7562,상행,2025-05-01T05:00:00,,평일
경강선,1501,판교,K409,,20250619,경강선,1509,부발,K418,N,경강선,,1508,이천,K417,N,14:08:30,14:09:00,,K7562,상행,2025-05-01T05:00:00,,평일
경강선,1501,판교,K409,,20250619,경강선,1509,부발,K418,N,경강선,,1507,신둔도예촌,K416,N,14:14:30,14:15:00,,K7562,상행,2025-05-01T05:00:00,,평일
경강선,1501,판교,K409,,20250619,경강선,1509,부발,K418,N,경강선,,1506,곤지암,K415,N,14:20:00,14:20:30,,K7562,상행,2025-05-01T05:00:00,,평일
경강선,1501,판교,K409,,20250619,경강선,1509,부발,K418,N,경강선,,1505,초월,K414,N,14:24:30,14:25:00,,K7562,상행,2025-05-01T05:00:00,,평일
경강선,1501,판교,K409,,20250619,경강선,1509,부발,K418,N,경강선,,1504,경기광주,K413,N,14:29:00,14:30:00,,K7562,상행,2025-05-01T05:00:00,,평일
경강선,1501,판교,K409,,20250619,경강선,1509,부발,K418,N,경강선,,1503,삼동,K412,N,14:34:00,14:34:30,,K7562,상행,2025-05-01T05:00:00,,평일
경강선,1501,판교,K409,,20250619,경강선,1509,부발,K418,N,경강선,,1502,이매,K411,N,14:39:30,14:40:00,,K7562,상행,2025-05-01T05:00:00,,평일
경강선,1501,판교,K409,,20250619,경강선,1509,부발,K418,N,경강선,,1512,성남,K410,N,14:41:30,14:42:00,,K7562,상행,2025-05-01T05:00:00,,평일
경강선,1501,판교,K409,,20250619,경강선,1509,부발,K418,N,경강선,,1501,판교,K409,N,14:44:00,,,K7562,상행,2025-05-01T05:00:00,,평일
경강선,1501,판교,K409,,20250619,경강선,1511,여주,K420,N,경강선,,1511,여주,K420,N,,14:12:00,,K7564,상행,2025-05-01T05:00:00,,평일
경강선,1501,판교,K409,,20250619,경강선,1511,여주,K420,N,경강선,,1510,세종대왕릉,K419,N,14:16:30,14:17:00,,K7564,상행,2025-05-01T05:00:00,,평일
경강선,1501,판교,K409,,20250619,경강선,1511,여주,K420,N,경강선,,1509,부발,K418,N,14:23:00,14:23:30,,K7564,상행,2025-05-01T05:00:00,,평일
경강선,1501,판교,K409,,20250619,경강선,1511,여주,K420,N,경강선,,1508,이천,K417,N,14:27:00,14:27:30,,K7564,상행,2025-05-01T05:00:00,,평일
경강선,1501,판교,K409,,20250619,경강선,1511,여주,K420,N,경강선,,1507,신둔도예촌,K416,N,14:33:00,14:33:30,,K7564,상행,2025-05-01T05:00:00,,평일
경강선,1501,판교,K409,,20250619,경강선,1511,여주,K420,N,경강선,,1506,곤지암,K415,N,14:38:30,14:39:00,,K7564,상행,2025-05-01T05:00:00,,평일
경강선,1501,판교,K409,,20250619,경강선,1511,여주,K420,N,경강선,,1505,초월,K414,N,14:43:00,14:43:30,,K7564,상행,2025-05-01T05:00:00,,평일
경강선,1501,판교,K409,,20250619,경강선,1511,여주,K420,N,경강선,,1504,경기광주,K413,N,14:47:30,14:48:30,,K7564,상행,2025-05-01T05:00:00,,평일
경강선,1501,판교,K409,,20250619,경강선,1511,여주,K420,N,경강선,,1503,삼동,K412,N,14:52:30,14:53:00,,K7564,상행,2025-05-01T05:00:00,,평일
경강선,1501,판교,K409,,20250619,경강선,1511,여주,K420,N,경강선,,1502,이매,K411,N,14:58:00,14:58:30,,K7564,상행,2025-05-01T05:00:00,,평일
경강선,1501,판교,K409,,20250619,경강선,1511,여주,K420,N,경강선,,1512,성남,K410,N,15:00:00,15:00:30,,K7564,상행,2025-05-01T05:00:00,,평일
경강선,1501,판교,K409,,20250619,경강선,1511,여주,K420,N,경강선,,1501,판교,K409,N,15:02:30,,,K7564,상행,2025-05-01T05:00:00,,평일
경강선,1501,판교,K409,,20250619,경강선,1511,여주,K420,N,경강선,,1511,여주,K420,N,,14:30:00,,K7566,상행,2025-05-01T05:00:00,,평일
경강선,1501,판교,K409,,20250619,경강선,1511,여주,K420,N,경강선,,1510,세종대왕릉,K419,N,14:34:30,14:35:00,,K7566,상행,2025-05-01T05:00:00,,평일
경강선,1501,판교,K409,,20250619,경강선,1511,여주,K420,N,경강선,,1509,부발,K418,N,14:41:00,14:41:30,,K7566,상행,2025-05-01T05:00:00,,평일
경강선,1501,판교,K409,,20250619,경강선,1511,여주,K420,N,경강선,,1508,이천,K417,N,14:45:00,14:45:30,,K7566,상행,2025-05-01T05:00:00,,평일
경강선,1501,판교,K409,,20250619,경강선,1511,여주,K420,N,경강선,,1507,신둔도예촌,K416,N,14:51:00,14:51:30,,K7566,상행,2025-05-01T05:00:00,,평일
경강선,1501,판교,K409,,20250619,경강선,1511,여주,K420,N,경강선,,1506,곤지암,K415,N,14:56:30,14:57:00,,K7566,상행,2025-05-01T05:00:00,,평일
경강선,1501,판교,K409,,20250619,경강선,1511,여주,K420,N,경강선,,1505,초월,K414,N,15:01:00,15:01:30,,K7566,상행,2025-05-01T05:00:00,,평일
경강선,1501,판교,K409,,20250619,경강선,1511,여주,K420,N,경강선,,1504,경기광주,K413,N,15:05:30,15:06:30,,K7566,상행,2025-05-01T05:00:00,,평일
경강선,1501,판교,K409,,20250619,경강선,1511,여주,K420,N,경강선,,1503,삼동,K412,N,15:10:30,15:11:00,,K7566,상행,2025-05-01T05:00:00,,평일
경강선,1501,판교,K409,,20250619,경강선,1511,여주,K420,N,경강선,,1502,이매,K411,N,15:16:00,15:16:30,,K7566,상행,2025-05-01T05:00:00,,평일
경강선,1501,판교,K409,,20250619,경강선,1511,여주,K420,N,경강선,,1512,성남,K410,N,15:18:00,15:18:30,,K7566,상행,2025-05-01T05:00:00,,평일
경강선,1501,판교,K409,,20250619,경강선,1511,여주,K420,N,경강선,,1501,판교,K409,N,15:20:30,,,K7566,상행,2025-05-01T05:00:00,,평일
경강선,1501,판교,K409,,20250619,경강선,1511,여주,K420,N,경강선,,1511,여주,K420,N,,14:51:00,,K7568,상행,2025-05-01T05:00:00,,평일
경강선,1501,판교,K409,,20250619,경강선,1511,여주,K420,N,경강선,,1510,세종대왕릉,K419,N,14:55:30,14:56:00,,K7568,상행,2025-05-01T05:00:00,,평일
경강선,1501,판교,K409,,20250619,경강선,1511,여주,K420,N,경강선,,1509,부발,K418,N,15:02:00,15:02:30,,K7568,상행,2025-05-01T05:00:00,,평일
경강선,1501,판교,K409,,20250619,경강선,1511,여주,K420,N,경강선,,1508,이천,K417,N,15:06:00,15:06:30,,K7568,상행,2025-05-01T05:00:00,,평일
경강선,1501,판교,K409,,20250619,경강선,1511,여주,K420,N,경강선,,1507,신둔도예촌,K416,N,15:12:00,15:12:30,,K7568,상행,2025-05-01T05:00:00,,평일
경강선,1501,판교,K409,,20250619,경강선,1511,여주,K420,N,경강선,,1506,곤지암,K415,N,15:17:30,15:18:00,,K7568,상행,2025-05-01T05:00:00,,평일
경강선,1501,판교,K409,,20250619,경강선,1511,여주,K420,N,경강선,,1505,초월,K414,N,15:22:00,15:22:30,,K7568,상행,2025-05-01T05:00:00,,평일
경강선,1501,판교,K409,,20250619,경강선,1511,여주,K420,N,경강선,,1504,경기광주,K413,N,15:26:30,15:27:30,,K7568,상행,2025-05-01T05:00:00,,평일
경강선,1501,판교,K409,,20250619,경강선,1511,여주,K420,N,경강선,,1503,삼동,K412,N,15:31:30,15:32:00,,K7568,상행,2025-05-01T05:00:00,,평일
경강선,1501,판교,K409,,20250619,경강선,1511,여주,K420,N,경강선,,1502,이매,K411,N,15:37:00,15:37:30,,K7568,상행,2025-05-01T05:00:00,,평일
경강선,1501,판교,K409,,20250619,경강선,1511,여주,K420,N,경강선,,1512,성남,K410,N,15:39:00,15:39:30,,K7568,상행,2025-05-01T05:00:00,,평일
경강선,1501,판교,K409,,20250619,경강선,1511,여주,K420,N,경강선,,1501,판교,K409,N,15:41:30,,,K7568,상행,2025-05-01T05:00:00,,평일
경강선,1501,판교,K409,,20250619,경강선,1511,여주,K420,N,경강선,,1511,여주,K420,N,,15:11:00,,K7570,상행,2025-05-01T05:00:00,,평일
경강선,1501,판교,K409,,20250619,경강선,1511,여주,K420,N,경강선,,1510,세종대왕릉,K419,N,15:15:30,15:16:00,,K7570,상행,2025-05-01T05:00:00,,평일
경강선,1501,판교,K409,,20250619,경강선,1511,여주,K420,N,경강선,,1509,부발,K418,N,15:22:00,15:22:30,,K7570,상행,2025-05-01T05:00:00,,평일
경강선,1501,판교,K409,,20250619,경강선,1511,여주,K420,N,경강선,,1508,이천,K417,N,15:26:00,15:26:30,,K7570,상행,2025-05-01T05:00:00,,평일
경강선,1501,판교,K409,,20250619,경강선,1511,여주,K420,N,경강선,,1507,신둔도예촌,K416,N,15:32:00,15:32:30,,K7570,상행,2025-05-01T05:00:00,,평일
경강선,1501,판교,K409,,20250619,경강선,1511,여주,K420,N,경강선,,1506,곤지암,K415,N,15:37:30,15:38:00,,K7570,상행,2025-05-01T05:00:00,,평일
경강선,1501,판교,K409,,20250619,경강선,1511,여주,K420,N,경강선,,1505,초월,K414,N,15:42:00,15:42:30,,K7570,상행,2025-05-01T05:00:00,,평일
경강선,1501,판교,K409,,20250619,경강선,1511,여주,K420,N,경강선,,1504,경기광주,K413,N,15:46:30,15:47:30,,K7570,상행,2025-05-01T05:00:00,,평일
경강선,1501,판교,K409,,20250619,경강선,1511,여주,K420,N,경강선,,1503,삼동,K412,N,15:51:30,15:52:00,,K7570,상행,2025-05-01T05:00:00,,평일
경강선,1501,판교,K409,,20250619,경강선,1511,여주,K420,N,경강선,,1502,이매,K411,N,15:57:00,15:57:30,,K7570,상행,2025-05-01T05:00:00,,평일
경강선,1501,판교,K409,,20250619,경강선,1511,여주,K420,N,경강선,,1512,성남,K410,N,15:59:00,15:59:30,,K7570,상행,2025-05-01T05:00:00,,평일
경강선,1501,판교,K409,,20250619,경강선,1511,여주,K420,N,경강선,,1501,판교,K409,N,16:01:30,,,K7570,상행,2025-05-01T05:00:00,,평일
경강선,1501,판교,K409,,20250619,경강선,1509,부발,K418,N,경강선,,1509,부발,K418,N,,15:43:00,,K7572,상행,2025-05-01T05:00:00,,평일
경강선,1501,판교,K409,,20250619,경강선,1509,부발,K418,N,경강선,,1508,이천,K417,N,15:46:30,15:47:00,,K7572,상행,2025-05-01T05:00:00,,평일
경강선,1501,판교,K409,,20250619,경강선,1509,부발,K418,N,경강선,,1507,신둔도예촌,K416,N,15:52:30,15:53:00,,K7572,상행,2025-05-01T05:00:00,,평일
경강선,1501,판교,K409,,20250619,경강선,1509,부발,K418,N,경강선,,1506,곤지암,K415,N,15:58:00,15:58:30,,K7572,상행,2025-05-01T05:00:00,,평일
경강선,1501,판교,K409,,20250619,경강선,1509,부발,K418,N,경강선,,1505,초월,K414,N,16:02:30,16:03:00,,K7572,상행,2025-05-01T05:00:00,,평일
경강선,1501,판교,K409,,20250619,경강선,1509,부발,K418,N,경강선,,1504,경기광주,K413,N,16:07:00,16:08:00,,K7572,상행,2025-05-01T05:00:00,,평일
경강선,1501,판교,K409,,20250619,경강선,1509,부발,K418,N,경강선,,1503,삼동,K412,N,16:12:00,16:12:30,,K7572,상행,2025-05-01T05:00:00,,평일
경강선,1501,판교,K409,,20250619,경강선,1509,부발,K418,N,경강선,,1502,이매,K411,N,16:17:30,16:18:00,,K7572,상행,2025-05-01T05:00:00,,평일
경강선,1501,판교,K409,,20250619,경강선,1509,부발,K418,N,경강선,,1512,성남,K410,N,16:19:30,16:20:00,,K7572,상행,2025-05-01T05:00:00,,평일
경강선,1501,판교,K409,,20250619,경강선,1509,부발,K418,N,경강선,,1501,판교,K409,N,16:22:00,,,K7572,상행,2025-05-01T05:00:00,,평일
경강선,1501,판교,K409,,20250619,경강선,1511,여주,K420,N,경강선,,1511,여주,K420,N,,15:50:00,,K7574,상행,2025-05-01T05:00:00,,평일
경강선,1501,판교,K409,,20250619,경강선,1511,여주,K420,N,경강선,,1510,세종대왕릉,K419,N,15:54:30,15:55:00,,K7574,상행,2025-05-01T05:00:00,,평일
경강선,1501,판교,K409,,20250619,경강선,1511,여주,K420,N,경강선,,1509,부발,K418,N,16:01:00,16:01:30,,K7574,상행,2025-05-01T05:00:00,,평일
경강선,1501,판교,K409,,20250619,경강선,1511,여주,K420,N,경강선,,1508,이천,K417,N,16:05:00,16:05:30,,K7574,상행,2025-05-01T05:00:00,,평일
경강선,1501,판교,K409,,20250619,경강선,1511,여주,K420,N,경강선,,1507,신둔도예촌,K416,N,16:11:00,16:11:30,,K7574,상행,2025-05-01T05:00:00,,평일
경강선,1501,판교,K409,,20250619,경강선,1511,여주,K420,N,경강선,,1506,곤지암,K415,N,16:16:30,16:17:00,,K7574,상행,2025-05-01T05:00:00,,평일
경강선,1501,판교,K409,,20250619,경강선,1511,여주,K420,N,경강선,,1505,초월,K414,N,16:21:00,16:21:30,,K7574,상행,2025-05-01T05:00:00,,평일
경강선,1501,판교,K409,,20250619,경강선,1511,여주,K420,N,경강선,,1504,경기광주,K413,N,16:25:30,16:26:30,,K7574,상행,2025-05-01T05:00:00,,평일
경강선,1501,판교,K409,,20250619,경강선,1511,여주,K420,N,경강선,,1503,삼동,K412,N,16:30:30,16:31:00,,K7574,상행,2025-05-01T05:00:00,,평일
경강선,1501,판교,K409,,20250619,경강선,1511,여주,K420,N,경강선,,1502,이매,K411,N,16:36:00,16:36:30,,K7574,상행,2025-05-01T05:00:00,,평일
경강선,1501,판교,K409,,20250619,경강선,1511,여주,K420,N,경강선,,1512,성남,K410,N,16:38:00,16:38:30,,K7574,상행,2025-05-01T05:00:00,,평일
경강선,1501,판교,K409,,20250619,경강선,1511,여주,K420,N,경강선,,1501,판교,K409,N,16:40:30,,,K7574,상행,2025-05-01T05:00:00,,평일
경강선,1501,판교,K409,,20250619,경강선,1511,여주,K420,N,경강선,,1511,여주,K420,N,,16:12:00,,K7576,상행,2025-05-01T05:00:00,,평일
경강선,1501,판교,K409,,20250619,경강선,1511,여주,K420,N,경강선,,1510,세종대왕릉,K419,N,16:16:30,16:17:00,,K7576,상행,2025-05-01T05:00:00,,평일
경강선,1501,판교,K409,,20250619,경강선,1511,여주,K420,N,경강선,,1509,부발,K418,N,16:23:00,16:23:30,,K7576,상행,2025-05-01T05:00:00,,평일
경강선,1501,판교,K409,,20250619,경강선,1511,여주,K420,N,경강선,,1508,이천,K417,N,16:27:00,16:27:30,,K7576,상행,2025-05-01T05:00:00,,평일
경강선,1501,판교,K409,,20250619,경강선,1511,여주,K420,N,경강선,,1507,신둔도예촌,K416,N,16:33:00,16:33:30,,K7576,상행,2025-05-01T05:00:00,,평일
경강선,1501,판교,K409,,20250619,경강선,1511,여주,K420,N,경강선,,1506,곤지암,K415,N,16:38:30,16:39:00,,K7576,상행,2025-05-01T05:00:00,,평일
경강선,1501,판교,K409,,20250619,경강선,1511,여주,K420,N,경강선,,1505,초월,K414,N,16:43:00,16:43:30,,K7576,상행,2025-05-01T05:00:00,,평일
경강선,1501,판교,K409,,20250619,경강선,1511,여주,K420,N,경강선,,1504,경기광주,K413,N,16:47:30,16:48:30,,K7576,상행,2025-05-01T05:00:00,,평일
경강선,1501,판교,K409,,20250619,경강선,1511,여주,K420,N,경강선,,1503,삼동,K412,N,16:52:30,16:53:00,,K7576,상행,2025-05-01T05:00:00,,평일
경강선,1501,판교,K409,,20250619,경강선,1511,여주,K420,N,경강선,,1502,이매,K411,N,16:58:00,16:58:30,,K7576,상행,2025-05-01T05:00:00,,평일
경강선,1501,판교,K409,,20250619,경강선,1511,여주,K420,N,경강선,,1512,성남,K410,N,17:00:00,17:00:30,,K7576,상행,2025-05-01T05:00:00,,평일
경강선,1501,판교,K409,,20250619,경강선,1511,여주,K420,N,경강선,,1501,판교,K409,N,17:02:30,,,K7576,상행,2025-05-01T05:00:00,,평일
경강선,1501,판교,K409,,20250619,경강선,1511,여주,K420,N,경강선,,1511,여주,K420,N,,16:30:00,,K7578,상행,2025-05-01T05:00:00,,평일
경강선,1501,판교,K409,,20250619,경강선,1511,여주,K420,N,경강선,,1510,세종대왕릉,K419,N,16:34:30,16:35:00,,K7578,상행,2025-05-01T05:00:00,,평일
경강선,1501,판교,K409,,20250619,경강선,1511,여주,K420,N,경강선,,1509,부발,K418,N,16:41:00,16:41:30,,K7578,상행,2025-05-01T05:00:00,,평일
경강선,1501,판교,K409,,20250619,경강선,1511,여주,K420,N,경강선,,1508,이천,K417,N,16:45:00,16:45:30,,K7578,상행,2025-05-01T05:00:00,,평일
경강선,1501,판교,K409,,20250619,경강선,1511,여주,K420,N,경강선,,1507,신둔도예촌,K416,N,16:51:00,16:51:30,,K7578,상행,2025-05-01T05:00:00,,평일
경강선,1501,판교,K409,,20250619,경강선,1511,여주,K420,N,경강선,,1506,곤지암,K415,N,16:56:30,16:57:00,,K7578,상행,2025-05-01T05:00:00,,평일
경강선,1501,판교,K409,,20250619,경강선,1511,여주,K420,N,경강선,,1505,초월,K414,N,17:01:00,17:01:30,,K7578,상행,2025-05-01T05:00:00,,평일
경강선,1501,판교,K409,,20250619,경강선,1511,여주,K420,N,경강선,,1504,경기광주,K413,N,17:05:30,17:06:30,,K7578,상행,2025-05-01T05:00:00,,평일
경강선,1501,판교,K409,,20250619,경강선,1511,여주,K420,N,경강선,,1503,삼동,K412,N,17:10:30,17:11:00,,K7578,상행,2025-05-01T05:00:00,,평일
경강선,1501,판교,K409,,20250619,경강선,1511,여주,K420,N,경강선,,1502,이매,K411,N,17:16:00,17:16:30,,K7578,상행,2025-05-01T05:00:00,,평일
경강선,1501,판교,K409,,20250619,경강선,1511,여주,K420,N,경강선,,1512,성남,K410,N,17:18:00,17:18:30,,K7578,상행,2025-05-01T05:00:00,,평일
경강선,1501,판교,K409,,20250619,경강선,1511,여주,K420,N,경강선,,1501,판교,K409,N,17:20:30,,,K7578,상행,2025-05-01T05:00:00,,평일
경강선,1501,판교,K409,,20250619,경강선,1509,부발,K418,N,경강선,,1509,부발,K418,N,,16:54:00,,K7580,상행,2025-05-01T05:00:00,,평일
경강선,1501,판교,K409,,20250619,경강선,1509,부발,K418,N,경강선,,1508,이천,K417,N,16:57:30,16:58:00,,K7580,상행,2025-05-01T05:00:00,,평일
경강선,1501,판교,K409,,20250619,경강선,1509,부발,K418,N,경강선,,1507,신둔도예촌,K416,N,17:03:30,17:04:00,,K7580,상행,2025-05-01T05:00:00,,평일
경강선,1501,판교,K409,,20250619,경강선,1509,부발,K418,N,경강선,,1506,곤지암,K415,N,17:09:00,17:09:30,,K7580,상행,2025-05-01T05:00:00,,평일
경강선,1501,판교,K409,,20250619,경강선,1509,부발,K418,N,경강선,,1505,초월,K414,N,17:13:30,17:14:00,,K7580,상행,2025-05-01T05:00:00,,평일
경강선,1501,판교,K409,,20250619,경강선,1509,부발,K418,N,경강선,,1504,경기광주,K413,N,17:18:00,17:19:00,,K7580,상행,2025-05-01T05:00:00,,평일
경강선,1501,판교,K409,,20250619,경강선,1509,부발,K418,N,경강선,,1503,삼동,K412,N,17:23:00,17:23:30,,K7580,상행,2025-05-01T05:00:00,,평일
경강선,1501,판교,K409,,20250619,경강선,1509,부발,K418,N,경강선,,1502,이매,K411,N,17:28:30,17:29:00,,K7580,상행,2025-05-01T05:00:00,,평일
경강선,1501,판교,K409,,20250619,경강선,1509,부발,K418,N,경강선,,1512,성남,K410,N,17:30:30,17:31:00,,K7580,상행,2025-05-01T05:00:00,,평일
경강선,1501,판교,K409,,20250619,경강선,1509,부발,K418,N,경강선,,1501,판교,K409,N,17:33:00,,,K7580,상행,2025-05-01T05:00:00,,평일
경강선,1501,판교,K409,,20250619,경강선,1511,여주,K420,N,경강선,,1511,여주,K420,N,,16:57:00,,K7582,상행,2025-05-01T05:00:00,,평일
경강선,1501,판교,K409,,20250619,경강선,1511,여주,K420,N,경강선,,1510,세종대왕릉,K419,N,17:01:30,17:02:00,,K7582,상행,2025-05-01T05:00:00,,평일
경강선,1501,판교,K409,,20250619,경강선,1511,여주,K420,N,경강선,,1509,부발,K418,N,17:08:00,17:08:30,,K7582,상행,2025-05-01T05:00:00,,평일
경강선,1501,판교,K409,,20250619,경강선,1511,여주,K420,N,경강선,,1508,이천,K417,N,17:12:00,17:12:30,,K7582,상행,2025-05-01T05:00:00,,평일
경강선,1501,판교,K409,,20250619,경강선,1511,여주,K420,N,경강선,,1507,신둔도예촌,K416,N,17:18:00,17:18:30,,K7582,상행,2025-05-01T05:00:00,,평일
경강선,1501,판교,K409,,20250619,경강선,1511,여주,K420,N,경강선,,1506,곤지암,K415,N,17:23:30,17:24:00,,K7582,상행,2025-05-01T05:00:00,,평일
경강선,1501,판교,K409,,20250619,경강선,1511,여주,K420,N,경강선,,1505,초월,K414,N,17:28:00,17:28:30,,K7582,상행,2025-05-01T05:00:00,,평일
경강선,1501,판교,K409,,20250619,경강선,1511,여주,K420,N,경강선,,1504,경기광주,K413,N,17:32:30,17:33:30,,K7582,상행,2025-05-01T05:00:00,,평일
경강선,1501,판교,K409,,20250619,경강선,1511,여주,K420,N,경강선,,1503,삼동,K412,N,17:37:30,17:38:00,,K7582,상행,2025-05-01T05:00:00,,평일
경강선,1501,판교,K409,,20250619,경강선,1511,여주,K420,N,경강선,,1502,이매,K411,N,17:43:00,17:43:30,,K7582,상행,2025-05-01T05:00:00,,평일
경강선,1501,판교,K409,,20250619,경강선,1511,여주,K420,N,경강선,,1512,성남,K410,N,17:45:00,17:45:30,,K7582,상행,2025-05-01T05:00:00,,평일
경강선,1501,판교,K409,,20250619,경강선,1511,여주,K420,N,경강선,,1501,판교,K409,N,17:47:30,,,K7582,상행,2025-05-01T05:00:00,,평일
경강선,1501,판교,K409,,20250619,경강선,1511,여주,K420,N,경강선,,1511,여주,K420,N,,17:12:00,,K7584,상행,2025-05-01T05:00:00,,평일
경강선,1501,판교,K409,,20250619,경강선,1511,여주,K420,N,경강선,,1510,세종대왕릉,K419,N,17:16:30,17:17:00,,K7584,상행,2025-05-01T05:00:00,,평일
경강선,1501,판교,K409,,20250619,경강선,1511,여주,K420,N,경강선,,1509,부발,K418,N,17:23:00,17:23:30,,K7584,상행,2025-05-01T05:00:00,,평일
경강선,1501,판교,K409,,20250619,경강선,1511,여주,K420,N,경강선,,1508,이천,K417,N,17:27:00,17:27:30,,K7584,상행,2025-05-01T05:00:00,,평일
경강선,1501,판교,K409,,20250619,경강선,1511,여주,K420,N,경강선,,1507,신둔도예촌,K416,N,17:33:00,17:33:30,,K7584,상행,2025-05-01T05:00:00,,평일
경강선,1501,판교,K409,,20250619,경강선,1511,여주,K420,N,경강선,,1506,곤지암,K415,N,17:38:30,17:39:00,,K7584,상행,2025-05-01T05:00:00,,평일
경강선,1501,판교,K409,,20250619,경강선,1511,여주,K420,N,경강선,,1505,초월,K414,N,17:43:00,17:43:30,,K7584,상행,2025-05-01T05:00:00,,평일
경강선,1501,판교,K409,,20250619,경강선,1511,여주,K420,N,경강선,,1504,경기광주,K413,N,17:47:30,17:48:30,,K7584,상행,2025-05-01T05:00:00,,평일
경강선,1501,판교,K409,,20250619,경강선,1511,여주,K420,N,경강선,,1503,삼동,K412,N,17:52:30,17:53:00,,K7584,상행,2025-05-01T05:00:00,,평일
경강선,1501,판교,K409,,20250619,경강선,1511,여주,K420,N,경강선,,1502,이매,K411,N,17:58:00,17:58:30,,K7584,상행,2025-05-01T05:00:00,,평일
경강선,1501,판교,K409,,20250619,경강선,1511,여주,K420,N,경강선,,1512,성남,K410,N,18:00:00,18:00:30,,K7584,상행,2025-05-01T05:00:00,,평일
경강선,1501,판교,K409,,20250619,경강선,1511,여주,K420,N,경강선,,1501,판교,K409,N,18:02:30,,,K7584,상행,2025-05-01T05:00:00,,평일
경강선,1501,판교,K409,,20250619,경강선,1511,여주,K420,N,경강선,,1511,여주,K420,N,,17:30:00,,K7586,상행,2025-05-01T05:00:00,,평일
경강선,1501,판교,K409,,20250619,경강선,1511,여주,K420,N,경강선,,1510,세종대왕릉,K419,N,17:34:30,17:35:00,,K7586,상행,2025-05-01T05:00:00,,평일
경강선,1501,판교,K409,,20250619,경강선,1511,여주,K420,N,경강선,,1509,부발,K418,N,17:41:00,17:41:30,,K7586,상행,2025-05-01T05:00:00,,평일
경강선,1501,판교,K409,,20250619,경강선,1511,여주,K420,N,경강선,,1508,이천,K417,N,17:45:00,17:45:30,,K7586,상행,2025-05-01T05:00:00,,평일
경강선,1501,판교,K409,,20250619,경강선,1511,여주,K420,N,경강선,,1507,신둔도예촌,K416,N,17:51:00,17:51:30,,K7586,상행,2025-05-01T05:00:00,,평일
경강선,1501,판교,K409,,20250619,경강선,1511,여주,K420,N,경강선,,1506,곤지암,K415,N,17:56:30,17:57:00,,K7586,상행,2025-05-01T05:00:00,,평일
경강선,1501,판교,K409,,20250619,경강선,1511,여주,K420,N,경강선,,1505,초월,K414,N,18:01:00,18:01:30,,K7586,상행,2025-05-01T05:00:00,,평일
경강선,1501,판교,K409,,20250619,경강선,1511,여주,K420,N,경강선,,1504,경기광주,K413,N,18:05:30,18:06:30,,K7586,상행,2025-05-01T05:00:00,,평일
경강선,1501,판교,K409,,20250619,경강선,1511,여주,K420,N,경강선,,1503,삼동,K412,N,18:10:30,18:11:00,,K7586,상행,2025-05-01T05:00:00,,평일
경강선,1501,판교,K409,,20250619,경강선,1511,여주,K420,N,경강선,,1502,이매,K411,N,18:16:00,18:16:30,,K7586,상행,2025-05-01T05:00:00,,평일
경강선,1501,판교,K409,,20250619,경강선,1511,여주,K420,N,경강선,,1512,성남,K410,N,18:18:00,18:18:30,,K7586,상행,2025-05-01T05:00:00,,평일
경강선,1501,판교,K409,,20250619,경강선,1511,여주,K420,N,경강선,,1501,판교,K409,N,18:20:30,,,K7586,상행,2025-05-01T05:00:00,,평일
경강선,1501,판교,K409,,20250619,경강선,1511,여주,K420,N,경강선,,1511,여주,K420,N,,17:48:00,,K7588,상행,2025-05-01T05:00:00,,평일
경강선,1501,판교,K409,,20250619,경강선,1511,여주,K420,N,경강선,,1510,세종대왕릉,K419,N,17:52:30,17:53:00,,K7588,상행,2025-05-01T05:00:00,,평일
경강선,1501,판교,K409,,20250619,경강선,1511,여주,K420,N,경강선,,1509,부발,K418,N,17:59:00,17:59:30,,K7588,상행,2025-05-01T05:00:00,,평일
경강선,1501,판교,K409,,20250619,경강선,1511,여주,K420,N,경강선,,1508,이천,K417,N,18:03:00,18:03:30,,K7588,상행,2025-05-01T05:00:00,,평일
경강선,1501,판교,K409,,20250619,경강선,1511,여주,K420,N,경강선,,1507,신둔도예촌,K416,N,18:09:00,18:09:30,,K7588,상행,2025-05-01T05:00:00,,평일
경강선,1501,판교,K409,,20250619,경강선,1511,여주,K420,N,경강선,,1506,곤지암,K415,N,18:14:30,18:15:00,,K7588,상행,2025-05-01T05:00:00,,평일
경강선,1501,판교,K409,,20250619,경강선,1511,여주,K420,N,경강선,,1505,초월,K414,N,18:19:00,18:19:30,,K7588,상행,2025-05-01T05:00:00,,평일
경강선,1501,판교,K409,,20250619,경강선,1511,여주,K420,N,경강선,,1504,경기광주,K413,N,18:23:30,18:24:30,,K7588,상행,2025-05-01T05:00:00,,평일
경강선,1501,판교,K409,,20250619,경강선,1511,여주,K420,N,경강선,,1503,삼동,K412,N,18:28:30,18:29:00,,K7588,상행,2025-05-01T05:00:00,,평일
경강선,1501,판교,K409,,20250619,경강선,1511,여주,K420,N,경강선,,1502,이매,K411,N,18:34:00,18:34:30,,K7588,상행,2025-05-01T05:00:00,,평일
경강선,1501,판교,K409,,20250619,경강선,1511,여주,K420,N,경강선,,1512,성남,K410,N,18:36:00,18:36:30,,K7588,상행,2025-05-01T05:00:00,,평일
경강선,1501,판교,K409,,20250619,경강선,1511,여주,K420,N,경강선,,1501,판교,K409,N,18:38:30,,,K7588,상행,2025-05-01T05:00:00,,평일
경강선,1501,판교,K409,,20250619,경강선,1509,부발,K418,N,경강선,,1509,부발,K418,N,,18:18:00,,K7590,상행,2025-05-01T05:00:00,,평일
경강선,1501,판교,K409,,20250619,경강선,1509,부발,K418,N,경강선,,1508,이천,K417,N,18:21:30,18:22:00,,K7590,상행,2025-05-01T05:00:00,,평일
경강선,1501,판교,K409,,20250619,경강선,1509,부발,K418,N,경강선,,1507,신둔도예촌,K416,N,18:27:30,18:28:00,,K7590,상행,2025-05-01T05:00:00,,평일
경강선,1501,판교,K409,,20250619,경강선,1509,부발,K418,N,경강선,,1506,곤지암,K415,N,18:33:00,18:33:30,,K7590,상행,2025-05-01T05:00:00,,평일
경강선,1501,판교,K409,,20250619,경강선,1509,부발,K418,N,경강선,,1505,초월,K414,N,18:37:30,18:38:00,,K7590,상행,2025-05-01T05:00:00,,평일
경강선,1501,판교,K409,,20250619,경강선,1509,부발,K418,N,경강선,,1504,경기광주,K413,N,18:42:00,18:43:00,,K7590,상행,2025-05-01T05:00:00,,평일
경강선,1501,판교,K409,,20250619,경강선,1509,부발,K418,N,경강선,,1503,삼동,K412,N,18:47:00,18:47:30,,K7590,상행,2025-05-01T05:00:00,,평일
경강선,1501,판교,K409,,20250619,경강선,1509,부발,K418,N,경강선,,1502,이매,K411,N,18:52:30,18:53:00,,K7590,상행,2025-05-01T05:00:00,,평일
경강선,1501,판교,K409,,20250619,경강선,1509,부발,K418,N,경강선,,1512,성남,K410,N,18:54:30,18:55:00,,K7590,상행,2025-05-01T05:00:00,,평일
경강선,1501,판교,K409,,20250619,경강선,1509,부발,K418,N,경강선,,1501,판교,K409,N,18:57:00,,,K7590,상행,2025-05-01T05:00:00,,평일
경강선,1501,판교,K409,,20250619,경강선,1511,여주,K420,N,경강선,,1511,여주,K420,N,,18:25:00,,K7592,상행,2025-05-01T05:00:00,,평일
경강선,1501,판교,K409,,20250619,경강선,1511,여주,K420,N,경강선,,1510,세종대왕릉,K419,N,18:29:30,18:30:00,,K7592,상행,2025-05-01T05:00:00,,평일
경강선,1501,판교,K409,,20250619,경강선,1511,여주,K420,N,경강선,,1509,부발,K418,N,18:36:00,18:36:30,,K7592,상행,2025-05-01T05:00:00,,평일
경강선,1501,판교,K409,,20250619,경강선,1511,여주,K420,N,경강선,,1508,이천,K417,N,18:40:00,18:40:30,,K7592,상행,2025-05-01T05:00:00,,평일
경강선,1501,판교,K409,,20250619,경강선,1511,여주,K420,N,경강선,,1507,신둔도예촌,K416,N,18:46:00,18:46:30,,K7592,상행,2025-05-01T05:00:00,,평일
경강선,1501,판교,K409,,20250619,경강선,1511,여주,K420,N,경강선,,1506,곤지암,K415,N,18:51:30,18:52:00,,K7592,상행,2025-05-01T05:00:00,,평일
경강선,1501,판교,K409,,20250619,경강선,1511,여주,K420,N,경강선,,1505,초월,K414,N,18:56:00,18:56:30,,K7592,상행,2025-05-01T05:00:00,,평일
경강선,1501,판교,K409,,20250619,경강선,1511,여주,K420,N,경강선,,1504,경기광주,K413,N,19:00:30,19:01:30,,K7592,상행,2025-05-01T05:00:00,,평일
경강선,1501,판교,K409,,20250619,경강선,1511,여주,K420,N,경강선,,1503,삼동,K412,N,19:05:30,19:06:00,,K7592,상행,2025-05-01T05:00:00,,평일
경강선,1501,판교,K409,,20250619,경강선,1511,여주,K420,N,경강선,,1502,이매,K411,N,19:11:00,19:11:30,,K7592,상행,2025-05-01T05:00:00,,평일
경강선,1501,판교,K409,,20250619,경강선,1511,여주,K420,N,경강선,,1512,성남,K410,N,19:13:00,19:13:30,,K7592,상행,2025-05-01T05:00:00,,평일
경강선,1501,판교,K409,,20250619,경강선,1511,여주,K420,N,경강선,,1501,판교,K409,N,19:15:30,,,K7592,상행,2025-05-01T05:00:00,,평일
경강선,1501,판교,K409,,20250619,경강선,1509,부발,K418,N,경강선,,1509,부발,K418,N,,18:55:00,,K7594,상행,2025-05-01T05:00:00,,평일
경강선,1501,판교,K409,,20250619,경강선,1509,부발,K418,N,경강선,,1508,이천,K417,N,18:58:30,18:59:00,,K7594,상행,2025-05-01T05:00:00,,평일
경강선,1501,판교,K409,,20250619,경강선,1509,부발,K418,N,경강선,,1507,신둔도예촌,K416,N,19:04:30,19:05:00,,K7594,상행,2025-05-01T05:00:00,,평일
경강선,1501,판교,K409,,20250619,경강선,1509,부발,K418,N,경강선,,1506,곤지암,K415,N,19:10:00,19:10:30,,K7594,상행,2025-05-01T05:00:00,,평일
경강선,1501,판교,K409,,20250619,경강선,1509,부발,K418,N,경강선,,1505,초월,K414,N,19:14:30,19:15:00,,K7594,상행,2025-05-01T05:00:00,,평일
경강선,1501,판교,K409,,20250619,경강선,1509,부발,K418,N,경강선,,1504,경기광주,K413,N,19:19:00,19:20:00,,K7594,상행,2025-05-01T05:00:00,,평일
경강선,1501,판교,K409,,20250619,경강선,1509,부발,K418,N,경강선,,1503,삼동,K412,N,19:24:00,19:24:30,,K7594,상행,2025-05-01T05:00:00,,평일
경강선,1501,판교,K409,,20250619,경강선,1509,부발,K418,N,경강선,,1502,이매,K411,N,19:29:30,19:30:00,,K7594,상행,2025-05-01T05:00:00,,평일
경강선,1501,판교,K409,,20250619,경강선,1509,부발,K418,N,경강선,,1512,성남,K410,N,19:31:30,19:32:00,,K7594,상행,2025-05-01T05:00:00,,평일
경강선,1501,판교,K409,,20250619,경강선,1509,부발,K418,N,경강선,,1501,판교,K409,N,19:34:00,,,K7594,상행,2025-05-01T05:00:00,,평일
경강선,1501,판교,K409,,20250619,경강선,1511,여주,K420,N,경강선,,1511,여주,K420,N,,18:59:00,,K7596,상행,2025-05-01T05:00:00,,평일
경강선,1501,판교,K409,,20250619,경강선,1511,여주,K420,N,경강선,,1510,세종대왕릉,K419,N,19:03:30,19:04:00,,K7596,상행,2025-05-01T05:00:00,,평일
경강선,1501,판교,K409,,20250619,경강선,1511,여주,K420,N,경강선,,1509,부발,K418,N,19:10:00,19:10:30,,K7596,상행,2025-05-01T05:00:00,,평일
경강선,1501,판교,K409,,20250619,경강선,1511,여주,K420,N,경강선,,1508,이천,K417,N,19:14:00,19:14:30,,K7596,상행,2025-05-01T05:00:00,,평일
경강선,1501,판교,K409,,20250619,경강선,1511,여주,K420,N,경강선,,1507,신둔도예촌,K416,N,19:20:00,19:20:30,,K7596,상행,2025-05-01T05:00:00,,평일
경강선,1501,판교,K409,,20250619,경강선,1511,여주,K420,N,경강선,,1506,곤지암,K415,N,19:25:30,19:26:00,,K7596,상행,2025-05-01T05:00:00,,평일
경강선,1501,판교,K409,,20250619,경강선,1511,여주,K420,N,경강선,,1505,초월,K414,N,19:30:00,19:30:30,,K7596,상행,2025-05-01T05:00:00,,평일
경강선,1501,판교,K409,,20250619,경강선,1511,여주,K420,N,경강선,,1504,경기광주,K413,N,19:34:30,19:35:30,,K7596,상행,2025-05-01T05:00:00,,평일
경강선,1501,판교,K409,,20250619,경강선,1511,여주,K420,N,경강선,,1503,삼동,K412,N,19:39:30,19:40:00,,K7596,상행,2025-05-01T05:00:00,,평일
경강선,1501,판교,K409,,20250619,경강선,1511,여주,K420,N,경강선,,1502,이매,K411,N,19:45:00,19:45:30,,K7596,상행,2025-05-01T05:00:00,,평일
경강선,1501,판교,K409,,20250619,경강선,1511,여주,K420,N,경강선,,1512,성남,K410,N,19:47:00,19:47:30,,K7596,상행,2025-05-01T05:00:00,,평일
경강선,1501,판교,K409,,20250619,경강선,1511,여주,K420,N,경강선,,1501,판교,K409,N,19:49:30,,,K7596,상행,2025-05-01T05:00:00,,평일
경강선,1501,판교,K409,,20250619,경강선,1511,여주,K420,N,경강선,,1511,여주,K420,N,,19:15:00,,K7598,상행,2025-05-01T05:00:00,,평일
경강선,1501,판교,K409,,20250619,경강선,1511,여주,K420,N,경강선,,1510,세종대왕릉,K419,N,19:19:30,19:20:00,,K7598,상행,2025-05-01T05:00:00,,평일
경강선,1501,판교,K409,,20250619,경강선,1511,여주,K420,N,경강선,,1509,부발,K418,N,19:26:00,19:26:30,,K7598,상행,2025-05-01T05:00:00,,평일
경강선,1501,판교,K409,,20250619,경강선,1511,여주,K420,N,경강선,,1508,이천,K417,N,19:30:00,19:30:30,,K7598,상행,2025-05-01T05:00:00,,평일
경강선,1501,판교,K409,,20250619,경강선,1511,여주,K420,N,경강선,,1507,신둔도예촌,K416,N,19:36:00,19:36:30,,K7598,상행,2025-05-01T05:00:00,,평일
경강선,1501,판교,K409,,20250619,경강선,1511,여주,K420,N,경강선,,1506,곤지암,K415,N,19:41:30,19:42:00,,K7598,상행,2025-05-01T05:00:00,,평일
경강선,1501,판교,K409,,20250619,경강선,1511,여주,K420,N,경강선,,1505,초월,K414,N,19:46:00,19:46:30,,K7598,상행,2025-05-01T05:00:00,,평일
경강선,1501,판교,K409,,20250619,경강선,1511,여주,K420,N,경강선,,1504,경기광주,K413,N,19:50:30,19:51:30,,K7598,상행,2025-05-01T05:00:00,,평일
경강선,1501,판교,K409,,20250619,경강선,1511,여주,K420,N,경강선,,1503,삼동,K412,N,19:55:30,19:56:00,,K7598,상행,2025-05-01T05:00:00,,평일
경강선,1501,판교,K409,,20250619,경강선,1511,여주,K420,N,경강선,,1502,이매,K411,N,20:01:00,20:01:30,,K7598,상행,2025-05-01T05:00:00,,평일
경강선,1501,판교,K409,,20250619,경강선,1511,여주,K420,N,경강선,,1512,성남,K410,N,20:03:00,20:03:30,,K7598,상행,2025-05-01T05:00:00,,평일
경강선,1501,판교,K409,,20250619,경강선,1511,여주,K420,N,경강선,,1501,판교,K409,N,20:05:30,,,K7598,상행,2025-05-01T05:00:00,,평일
경강선,1501,판교,K409,,20250619,경강선,1511,여주,K420,N,경강선,,1511,여주,K420,N,,19:34:00,,K7600,상행,2025-05-01T05:00:00,,평일
경강선,1501,판교,K409,,20250619,경강선,1511,여주,K420,N,경강선,,1510,세종대왕릉,K419,N,19:38:30,19:39:00,,K7600,상행,2025-05-01T05:00:00,,평일
경강선,1501,판교,K409,,20250619,경강선,1511,여주,K420,N,경강선,,1509,부발,K418,N,19:45:00,19:45:30,,K7600,상행,2025-05-01T05:00:00,,평일
경강선,1501,판교,K409,,20250619,경강선,1511,여주,K420,N,경강선,,1508,이천,K417,N,19:49:00,19:49:30,,K7600,상행,2025-05-01T05:00:00,,평일
경강선,1501,판교,K409,,20250619,경강선,1511,여주,K420,N,경강선,,1507,신둔도예촌,K416,N,19:55:00,19:55:30,,K7600,상행,2025-05-01T05:00:00,,평일
경강선,1501,판교,K409,,20250619,경강선,1511,여주,K420,N,경강선,,1506,곤지암,K415,N,20:00:30,20:01:00,,K7600,상행,2025-05-01T05:00:00,,평일
경강선,1501,판교,K409,,20250619,경강선,1511,여주,K420,N,경강선,,1505,초월,K414,N,20:05:00,20:05:30,,K7600,상행,2025-05-01T05:00:00,,평일
경강선,1501,판교,K409,,20250619,경강선,1511,여주,K420,N,경강선,,1504,경기광주,K413,N,20:09:30,20:10:30,,K7600,상행,2025-05-01T05:00:00,,평일
경강선,1501,판교,K409,,20250619,경강선,1511,여주,K420,N,경강선,,1503,삼동,K412,N,20:14:30,20:15:00,,K7600,상행,2025-05-01T05:00:00,,평일
경강선,1501,판교,K409,,20250619,경강선,1511,여주,K420,N,경강선,,1502,이매,K411,N,20:20:00,20:20:30,,K7600,상행,2025-05-01T05:00:00,,평일
경강선,1501,판교,K409,,20250619,경강선,1511,여주,K420,N,경강선,,1512,성남,K410,N,20:22:00,20:22:30,,K7600,상행,2025-05-01T05:00:00,,평일
경강선,1501,판교,K409,,20250619,경강선,1511,여주,K420,N,경강선,,1501,판교,K409,N,20:24:30,,,K7600,상행,2025-05-01T05:00:00,,평일
경강선,1501,판교,K409,,20250619,경강선,1511,여주,K420,N,경강선,,1511,여주,K420,N,,19:52:00,,K7602,상행,2025-05-01T05:00:00,,평일
경강선,1501,판교,K409,,20250619,경강선,1511,여주,K420,N,경강선,,1510,세종대왕릉,K419,N,19:56:30,19:57:00,,K7602,상행,2025-05-01T05:00:00,,평일
경강선,1501,판교,K409,,20250619,경강선,1511,여주,K420,N,경강선,,1509,부발,K418,N,20:03:00,20:03:30,,K7602,상행,2025-05-01T05:00:00,,평일
경강선,1501,판교,K409,,20250619,경강선,1511,여주,K420,N,경강선,,1508,이천,K417,N,20:07:00,20:07:30,,K7602,상행,2025-05-01T05:00:00,,평일
경강선,1501,판교,K409,,20250619,경강선,1511,여주,K420,N,경강선,,1507,신둔도예촌,K416,N,20:13:00,20:13:30,,K7602,상행,2025-05-01T05:00:00,,평일
경강선,1501,판교,K409,,20250619,경강선,1511,여주,K420,N,경강선,,1506,곤지암,K415,N,20:18:30,20:19:00,,K7602,상행,2025-05-01T05:00:00,,평일
경강선,1501,판교,K409,,20250619,경강선,1511,여주,K420,N,경강선,,1505,초월,K414,N,20:23:00,20:23:30,,K7602,상행,2025-05-01T05:00:00,,평일
경강선,1501,판교,K409,,20250619,경강선,1511,여주,K420,N,경강선,,1504,경기광주,K413,N,20:27:30,20:28:30,,K7602,상행,2025-05-01T05:00:00,,평일
경강선,1501,판교,K409,,20250619,경강선,1511,여주,K420,N,경강선,,1503,삼동,K412,N,20:32:30,20:33:00,,K7602,상행,2025-05-01T05:00:00,,평일
경강선,1501,판교,K409,,20250619,경강선,1511,여주,K420,N,경강선,,1502,이매,K411,N,20:38:00,20:38:30,,K7602,상행,2025-05-01T05:00:00,,평일
경강선,1501,판교,K409,,20250619,경강선,1511,여주,K420,N,경강선,,1512,성남,K410,N,20:40:00,20:40:30,,K7602,상행,2025-05-01T05:00:00,,평일
경강선,1501,판교,K409,,20250619,경강선,1511,여주,K420,N,경강선,,1501,판교,K409,N,20:42:30,,,K7602,상행,2025-05-01T05:00:00,,평일
경강선,1501,판교,K409,,20250619,경강선,1511,여주,K420,N,경강선,,1511,여주,K420,N,,20:11:00,,K7604,상행,2025-05-01T05:00:00,,평일
경강선,1501,판교,K409,,20250619,경강선,1511,여주,K420,N,경강선,,1510,세종대왕릉,K419,N,20:15:30,20:16:00,,K7604,상행,2025-05-01T05:00:00,,평일
경강선,1501,판교,K409,,20250619,경강선,1511,여주,K420,N,경강선,,1509,부발,K418,N,20:22:00,20:22:30,,K7604,상행,2025-05-01T05:00:00,,평일
경강선,1501,판교,K409,,20250619,경강선,1511,여주,K420,N,경강선,,1508,이천,K417,N,20:26:00,20:26:30,,K7604,상행,2025-05-01T05:00:00,,평일
경강선,1501,판교,K409,,20250619,경강선,1511,여주,K420,N,경강선,,1507,신둔도예촌,K416,N,20:32:00,20:32:30,,K7604,상행,2025-05-01T05:00:00,,평일
경강선,1501,판교,K409,,20250619,경강선,1511,여주,K420,N,경강선,,1506,곤지암,K415,N,20:37:30,20:38:00,,K7604,상행,2025-05-01T05:00:00,,평일
경강선,1501,판교,K409,,20250619,경강선,1511,여주,K420,N,경강선,,1505,초월,K414,N,20:42:00,20:42:30,,K7604,상행,2025-05-01T05:00:00,,평일
경강선,1501,판교,K409,,20250619,경강선,1511,여주,K420,N,경강선,,1504,경기광주,K413,N,20:46:30,20:47:30,,K7604,상행,2025-05-01T05:00:00,,평일
경강선,1501,판교,K409,,20250619,경강선,1511,여주,K420,N,경강선,,1503,삼동,K412,N,20:51:30,20:52:00,,K7604,상행,2025-05-01T05:00:00,,평일
경강선,1501,판교,K409,,20250619,경강선,1511,여주,K420,N,경강선,,1502,이매,K411,N,20:57:00,20:57:30,,K7604,상행,2025-05-01T05:00:00,,평일
경강선,1501,판교,K409,,20250619,경강선,1511,여주,K420,N,경강선,,1512,성남,K410,N,20:59:00,20:59:30,,K7604,상행,2025-05-01T05:00:00,,평일
경강선,1501,판교,K409,,20250619,경강선,1511,여주,K420,N,경강선,,1501,판교,K409,N,21:01:30,,,K7604,상행,2025-05-01T05:00:00,,평일
경강선,1501,판교,K409,,20250619,경강선,1509,부발,K418,N,경강선,,1509,부발,K418,N,,20:45:00,,K7606,상행,2025-05-01T05:00:00,,평일
경강선,1501,판교,K409,,20250619,경강선,1509,부발,K418,N,경강선,,1508,이천,K417,N,20:48:30,20:49:00,,K7606,상행,2025-05-01T05:00:00,,평일
경강선,1501,판교,K409,,20250619,경강선,1509,부발,K418,N,경강선,,1507,신둔도예촌,K416,N,20:54:30,20:55:00,,K7606,상행,2025-05-01T05:00:00,,평일
경강선,1501,판교,K409,,20250619,경강선,1509,부발,K418,N,경강선,,1506,곤지암,K415,N,21:00:00,21:00:30,,K7606,상행,2025-05-01T05:00:00,,평일
경강선,1501,판교,K409,,20250619,경강선,1509,부발,K418,N,경강선,,1505,초월,K414,N,21:04:30,21:05:00,,K7606,상행,2025-05-01T05:00:00,,평일
경강선,1501,판교,K409,,20250619,경강선,1509,부발,K418,N,경강선,,1504,경기광주,K413,N,21:09:00,21:10:00,,K7606,상행,2025-05-01T05:00:00,,평일
경강선,1501,판교,K409,,20250619,경강선,1509,부발,K418,N,경강선,,1503,삼동,K412,N,21:14:00,21:14:30,,K7606,상행,2025-05-01T05:00:00,,평일
경강선,1501,판교,K409,,20250619,경강선,1509,부발,K418,N,경강선,,1502,이매,K411,N,21:19:30,21:20:00,,K7606,상행,2025-05-01T05:00:00,,평일
경강선,1501,판교,K409,,20250619,경강선,1509,부발,K418,N,경강선,,1512,성남,K410,N,21:21:30,21:22:00,,K7606,상행,2025-05-01T05:00:00,,평일
경강선,1501,판교,K409,,20250619,경강선,1509,부발,K418,N,경강선,,1501,판교,K409,N,21:24:00,,,K7606,상행,2025-05-01T05:00:00,,평일
경강선,1501,판교,K409,,20250619,경강선,1511,여주,K420,N,경강선,,1511,여주,K420,N,,20:48:00,,K7608,상행,2025-05-01T05:00:00,,평일
경강선,1501,판교,K409,,20250619,경강선,1511,여주,K420,N,경강선,,1510,세종대왕릉,K419,N,20:52:30,20:53:00,,K7608,상행,2025-05-01T05:00:00,,평일
경강선,1501,판교,K409,,20250619,경강선,1511,여주,K420,N,경강선,,1509,부발,K418,N,20:59:00,20:59:30,,K7608,상행,2025-05-01T05:00:00,,평일
경강선,1501,판교,K409,,20250619,경강선,1511,여주,K420,N,경강선,,1508,이천,K417,N,21:03:00,21:03:30,,K7608,상행,2025-05-01T05:00:00,,평일
경강선,1501,판교,K409,,20250619,경강선,1511,여주,K420,N,경강선,,1507,신둔도예촌,K416,N,21:09:00,21:09:30,,K7608,상행,2025-05-01T05:00:00,,평일
경강선,1501,판교,K409,,20250619,경강선,1511,여주,K420,N,경강선,,1506,곤지암,K415,N,21:14:30,21:15:00,,K7608,상행,2025-05-01T05:00:00,,평일
경강선,1501,판교,K409,,20250619,경강선,1511,여주,K420,N,경강선,,1505,초월,K414,N,21:19:00,21:19:30,,K7608,상행,2025-05-01T05:00:00,,평일
경강선,1501,판교,K409,,20250619,경강선,1511,여주,K420,N,경강선,,1504,경기광주,K413,N,21:23:30,21:24:30,,K7608,상행,2025-05-01T05:00:00,,평일
경강선,1501,판교,K409,,20250619,경강선,1511,여주,K420,N,경강선,,1503,삼동,K412,N,21:28:30,21:29:00,,K7608,상행,2025-05-01T05:00:00,,평일
경강선,1501,판교,K409,,20250619,경강선,1511,여주,K420,N,경강선,,1502,이매,K411,N,21:34:00,21:34:30,,K7608,상행,2025-05-01T05:00:00,,평일
경강선,1501,판교,K409,,20250619,경강선,1511,여주,K420,N,경강선,,1512,성남,K410,N,21:36:00,21:36:30,,K7608,상행,2025-05-01T05:00:00,,평일
경강선,1501,판교,K409,,20250619,경강선,1511,여주,K420,N,경강선,,1501,판교,K409,N,21:38:30,,,K7608,상행,2025-05-01T05:00:00,,평일
경강선,1501,판교,K409,,20250619,경강선,1511,여주,K420,N,경강선,,1511,여주,K420,N,,21:07:00,,K7610,상행,2025-05-01T05:00:00,,평일
경강선,1501,판교,K409,,20250619,경강선,1511,여주,K420,N,경강선,,1510,세종대왕릉,K419,N,21:11:30,21:12:00,,K7610,상행,2025-05-01T05:00:00,,평일
경강선,1501,판교,K409,,20250619,경강선,1511,여주,K420,N,경강선,,1509,부발,K418,N,21:18:00,21:18:30,,K7610,상행,2025-05-01T05:00:00,,평일
경강선,1501,판교,K409,,20250619,경강선,1511,여주,K420,N,경강선,,1508,이천,K417,N,21:22:00,21:22:30,,K7610,상행,2025-05-01T05:00:00,,평일
경강선,1501,판교,K409,,20250619,경강선,1511,여주,K420,N,경강선,,1507,신둔도예촌,K416,N,21:28:00,21:28:30,,K7610,상행,2025-05-01T05:00:00,,평일
경강선,1501,판교,K409,,20250619,경강선,1511,여주,K420,N,경강선,,1506,곤지암,K415,N,21:33:30,21:34:00,,K7610,상행,2025-05-01T05:00:00,,평일
경강선,1501,판교,K409,,20250619,경강선,1511,여주,K420,N,경강선,,1505,초월,K414,N,21:38:00,21:38:30,,K7610,상행,2025-05-01T05:00:00,,평일
경강선,1501,판교,K409,,20250619,경강선,1511,여주,K420,N,경강선,,1504,경기광주,K413,N,21:42:30,21:43:30,,K7610,상행,2025-05-01T05:00:00,,평일
경강선,1501,판교,K409,,20250619,경강선,1511,여주,K420,N,경강선,,1503,삼동,K412,N,21:47:30,21:48:00,,K7610,상행,2025-05-01T05:00:00,,평일
경강선,1501,판교,K409,,20250619,경강선,1511,여주,K420,N,경강선,,1502,이매,K411,N,21:53:00,21:53:30,,K7610,상행,2025-05-01T05:00:00,,평일
경강선,1501,판교,K409,,20250619,경강선,1511,여주,K420,N,경강선,,1512,성남,K410,N,21:55:00,21:55:30,,K7610,상행,2025-05-01T05:00:00,,평일
경강선,1501,판교,K409,,20250619,경강선,1511,여주,K420,N,경강선,,1501,판교,K409,N,21:57:30,,,K7610,상행,2025-05-01T05:00:00,,평일
경강선,1501,판교,K409,,20250619,경강선,1511,여주,K420,N,경강선,,1511,여주,K420,N,,21:27:00,,K7612,상행,2025-05-01T05:00:00,,평일
경강선,1501,판교,K409,,20250619,경강선,1511,여주,K420,N,경강선,,1510,세종대왕릉,K419,N,21:31:30,21:32:00,,K7612,상행,2025-05-01T05:00:00,,평일
경강선,1501,판교,K409,,20250619,경강선,1511,여주,K420,N,경강선,,1509,부발,K418,N,21:38:00,21:38:30,,K7612,상행,2025-05-01T05:00:00,,평일
경강선,1501,판교,K409,,20250619,경강선,1511,여주,K420,N,경강선,,1508,이천,K417,N,21:42:00,21:42:30,,K7612,상행,2025-05-01T05:00:00,,평일
경강선,1501,판교,K409,,20250619,경강선,1511,여주,K420,N,경강선,,1507,신둔도예촌,K416,N,21:48:00,21:48:30,,K7612,상행,2025-05-01T05:00:00,,평일
경강선,1501,판교,K409,,20250619,경강선,1511,여주,K420,N,경강선,,1506,곤지암,K415,N,21:53:30,21:54:00,,K7612,상행,2025-05-01T05:00:00,,평일
경강선,1501,판교,K409,,20250619,경강선,1511,여주,K420,N,경강선,,1505,초월,K414,N,21:58:00,21:58:30,,K7612,상행,2025-05-01T05:00:00,,평일
경강선,1501,판교,K409,,20250619,경강선,1511,여주,K420,N,경강선,,1504,경기광주,K413,N,22:02:30,22:03:30,,K7612,상행,2025-05-01T05:00:00,,평일
경강선,1501,판교,K409,,20250619,경강선,1511,여주,K420,N,경강선,,1503,삼동,K412,N,22:07:30,22:08:00,,K7612,상행,2025-05-01T05:00:00,,평일
경강선,1501,판교,K409,,20250619,경강선,1511,여주,K420,N,경강선,,1502,이매,K411,N,22:13:00,22:13:30,,K7612,상행,2025-05-01T05:00:00,,평일
경강선,1501,판교,K409,,20250619,경강선,1511,여주,K420,N,경강선,,1512,성남,K410,N,22:15:00,22:15:30,,K7612,상행,2025-05-01T05:00:00,,평일
경강선,1501,판교,K409,,20250619,경강선,1511,여주,K420,N,경강선,,1501,판교,K409,N,22:17:30,,,K7612,상행,2025-05-01T05:00:00,,평일
경강선,1501,판교,K409,,20250619,경강선,1511,여주,K420,N,경강선,,1511,여주,K420,N,,21:48:00,,K7614,상행,2025-05-01T05:00:00,,평일
경강선,1501,판교,K409,,20250619,경강선,1511,여주,K420,N,경강선,,1510,세종대왕릉,K419,N,21:52:30,21:53:00,,K7614,상행,2025-05-01T05:00:00,,평일
경강선,1501,판교,K409,,20250619,경강선,1511,여주,K420,N,경강선,,1509,부발,K418,N,21:59:00,21:59:30,,K7614,상행,2025-05-01T05:00:00,,평일
경강선,1501,판교,K409,,20250619,경강선,1511,여주,K420,N,경강선,,1508,이천,K417,N,22:03:00,22:03:30,,K7614,상행,2025-05-01T05:00:00,,평일
경강선,1501,판교,K409,,20250619,경강선,1511,여주,K420,N,경강선,,1507,신둔도예촌,K416,N,22:09:00,22:09:30,,K7614,상행,2025-05-01T05:00:00,,평일
경강선,1501,판교,K409,,20250619,경강선,1511,여주,K420,N,경강선,,1506,곤지암,K415,N,22:14:30,22:15:00,,K7614,상행,2025-05-01T05:00:00,,평일
경강선,1501,판교,K409,,20250619,경강선,1511,여주,K420,N,경강선,,1505,초월,K414,N,22:19:00,22:19:30,,K7614,상행,2025-05-01T05:00:00,,평일
경강선,1501,판교,K409,,20250619,경강선,1511,여주,K420,N,경강선,,1504,경기광주,K413,N,22:23:30,22:24:30,,K7614,상행,2025-05-01T05:00:00,,평일
경강선,1501,판교,K409,,20250619,경강선,1511,여주,K420,N,경강선,,1503,삼동,K412,N,22:28:30,22:29:00,,K7614,상행,2025-05-01T05:00:00,,평일
경강선,1501,판교,K409,,20250619,경강선,1511,여주,K420,N,경강선,,1502,이매,K411,N,22:34:00,22:34:30,,K7614,상행,2025-05-01T05:00:00,,평일
경강선,1501,판교,K409,,20250619,경강선,1511,여주,K420,N,경강선,,1512,성남,K410,N,22:36:00,22:36:30,,K7614,상행,2025-05-01T05:00:00,,평일
경강선,1501,판교,K409,,20250619,경강선,1511,여주,K420,N,경강선,,1501,판교,K409,N,22:38:30,,,K7614,상행,2025-05-01T05:00:00,,평일
경강선,1501,판교,K409,,20250619,경강선,1511,여주,K420,N,경강선,,1511,여주,K420,N,,22:20:00,,K7616,상행,2025-05-01T05:00:00,,평일
경강선,1501,판교,K409,,20250619,경강선,1511,여주,K420,N,경강선,,1510,세종대왕릉,K419,N,22:24:30,22:25:00,,K7616,상행,2025-05-01T05:00:00,,평일
경강선,1501,판교,K409,,20250619,경강선,1511,여주,K420,N,경강선,,1509,부발,K418,N,22:31:00,22:31:30,,K7616,상행,2025-05-01T05:00:00,,평일
경강선,1501,판교,K409,,20250619,경강선,1511,여주,K420,N,경강선,,1508,이천,K417,N,22:35:00,22:35:30,,K7616,상행,2025-05-01T05:00:00,,평일
경강선,1501,판교,K409,,20250619,경강선,1511,여주,K420,N,경강선,,1507,신둔도예촌,K416,N,22:41:00,22:41:30,,K7616,상행,2025-05-01T05:00:00,,평일
경강선,1501,판교,K409,,20250619,경강선,1511,여주,K420,N,경강선,,1506,곤지암,K415,N,22:46:30,22:47:00,,K7616,상행,2025-05-01T05:00:00,,평일
경강선,1501,판교,K409,,20250619,경강선,1511,여주,K420,N,경강선,,1505,초월,K414,N,22:51:00,22:51:30,,K7616,상행,2025-05-01T05:00:00,,평일
경강선,1501,판교,K409,,20250619,경강선,1511,여주,K420,N,경강선,,1504,경기광주,K413,N,22:55:30,22:56:30,,K7616,상행,2025-05-01T05:00:00,,평일
경강선,1501,판교,K409,,20250619,경강선,1511,여주,K420,N,경강선,,1503,삼동,K412,N,23:00:30,23:01:00,,K7616,상행,2025-05-01T05:00:00,,평일
경강선,1501,판교,K409,,20250619,경강선,1511,여주,K420,N,경강선,,1502,이매,K411,N,23:06:00,23:06:30,,K7616,상행,2025-05-01T05:00:00,,평일
경강선,1501,판교,K409,,20250619,경강선,1511,여주,K420,N,경강선,,1512,성남,K410,N,23:08:00,23:08:30,,K7616,상행,2025-05-01T05:00:00,,평일
경강선,1501,판교,K409,,20250619,경강선,1511,여주,K420,N,경강선,,1501,판교,K409,N,23:10:30,,,K7616,상행,2025-05-01T05:00:00,,평일
경강선,1501,판교,K409,,20250619,경강선,1511,여주,K420,N,경강선,,1511,여주,K420,N,,23:00:00,,K7618,상행,2025-05-01T05:00:00,,평일
경강선,1501,판교,K409,,20250619,경강선,1511,여주,K420,N,경강선,,1510,세종대왕릉,K419,N,23:04:30,23:05:00,,K7618,상행,2025-05-01T05:00:00,,평일
경강선,1501,판교,K409,,20250619,경강선,1511,여주,K420,N,경강선,,1509,부발,K418,N,23:11:00,23:11:30,,K7618,상행,2025-05-01T05:00:00,,평일
경강선,1501,판교,K409,,20250619,경강선,1511,여주,K420,N,경강선,,1508,이천,K417,N,23:15:00,23:15:30,,K7618,상행,2025-05-01T05:00:00,,평일
경강선,1501,판교,K409,,20250619,경강선,1511,여주,K420,N,경강선,,1507,신둔도예촌,K416,N,23:21:00,23:21:30,,K7618,상행,2025-05-01T05:00:00,,평일
경강선,1501,판교,K409,,20250619,경강선,1511,여주,K420,N,경강선,,1506,곤지암,K415,N,23:26:30,23:27:00,,K7618,상행,2025-05-01T05:00:00,,평일
경강선,1501,판교,K409,,20250619,경강선,1511,여주,K420,N,경강선,,1505,초월,K414,N,23:31:00,23:31:30,,K7618,상행,2025-05-01T05:00:00,,평일
경강선,1501,판교,K409,,20250619,경강선,1511,여주,K420,N,경강선,,1504,경기광주,K413,N,23:35:30,23:36:30,,K7618,상행,2025-05-01T05:00:00,,평일
경강선,1501,판교,K409,,20250619,경강선,1511,여주,K420,N,경강선,,1503,삼동,K412,N,23:40:30,23:41:00,,K7618,상행,2025-05-01T05:00:00,,평일
경강선,1501,판교,K409,,20250619,경강선,1511,여주,K420,N,경강선,,1502,이매,K411,N,23:46:00,23:46:30,,K7618,상행,2025-05-01T05:00:00,,평일
경강선,1501,판교,K409,,20250619,경강선,1511,여주,K420,N,경강선,,1512,성남,K410,N,23:48:00,23:48:30,,K7618,상행,2025-05-01T05:00:00,,평일
경강선,1501,판교,K409,,20250619,경강선,1511,여주,K420,N,경강선,,1501,판교,K409,N,23:50:30,,,K7618,상행,2025-05-01T05:00:00,,평일
경강선,1501,판교,K409,,20250619,경강선,1511,여주,K420,N,경강선,,1511,여주,K420,N,,23:40:00,,K7620,상행,2025-05-01T05:00:00,,평일
경강선,1501,판교,K409,,20250619,경강선,1511,여주,K420,N,경강선,,1510,세종대왕릉,K419,N,23:44:30,23:45:00,,K7620,상행,2025-05-01T05:00:00,,평일
경강선,1501,판교,K409,,20250619,경강선,1511,여주,K420,N,경강선,,1509,부발,K418,N,23:51:00,23:51:30,,K7620,상행,2025-05-01T05:00:00,,평일
경강선,1501,판교,K409,,20250619,경강선,1511,여주,K420,N,경강선,,1508,이천,K417,N,23:55:00,23:55:30,,K7620,상행,2025-05-01T05:00:00,,평일
경강선,1501,판교,K409,,20250619,경강선,1511,여주,K420,N,경강선,,1507,신둔도예촌,K416,N,24:01:00,24:01:30,,K7620,상행,2025-05-01T05:00:00,,평일
경강선,1501,판교,K409,,20250619,경강선,1511,여주,K420,N,경강선,,1506,곤지암,K415,N,24:06:30,24:07:00,,K7620,상행,2025-05-01T05:00:00,,평일
경강선,1501,판교,K409,,20250619,경강선,1511,여주,K420,N,경강선,,1505,초월,K414,N,24:11:00,24:11:30,,K7620,상행,2025-05-01T05:00:00,,평일
경강선,1501,판교,K409,,20250619,경강선,1511,여주,K420,N,경강선,,1504,경기광주,K413,N,24:15:30,24:16:30,,K7620,상행,2025-05-01T05:00:00,,평일
경강선,1501,판교,K409,,20250619,경강선,1511,여주,K420,N,경강선,,1503,삼동,K412,N,24:20:30,24:21:00,,K7620,상행,2025-05-01T05:00:00,,평일
경강선,1501,판교,K409,,20250619,경강선,1511,여주,K420,N,경강선,,1502,이매,K411,N,24:26:00,24:26:30,,K7620,상행,2025-05-01T05:00:00,,평일
경강선,1501,판교,K409,,20250619,경강선,1511,여주,K420,N,경강선,,1512,성남,K410,N,24:28:00,24:28:30,,K7620,상행,2025-05-01T05:00:00,,평일
경강선,1501,판교,K409,,20250619,경강선,1511,여주,K420,N,경강선,,1501,판교,K409,N,24:30:30,,,K7620,상행,2025-05-01T05:00:00,,평일
경강선,1501,판교,K409,,20250619,경강선,1509,부발,K418,N,경강선,,1509,부발,K418,N,,07:36:00,,K7622,상행,2025-05-01T05:00:00,,평일
경강선,1501,판교,K409,,20250619,경강선,1509,부발,K418,N,경강선,,1508,이천,K417,N,07:39:30,07:40:00,,K7622,상행,2025-05-01T05:00:00,,평일
경강선,1501,판교,K409,,20250619,경강선,1509,부발,K418,N,경강선,,1507,신둔도예촌,K416,N,07:45:30,07:46:00,,K7622,상행,2025-05-01T05:00:00,,평일
경강선,1501,판교,K409,,20250619,경강선,1509,부발,K418,N,경강선,,1506,곤지암,K415,N,07:51:00,07:51:30,,K7622,상행,2025-05-01T05:00:00,,평일
경강선,1501,판교,K409,,20250619,경강선,1509,부발,K418,N,경강선,,1505,초월,K414,N,07:55:30,07:56:00,,K7622,상행,2025-05-01T05:00:00,,평일
경강선,1501,판교,K409,,20250619,경강선,1509,부발,K418,N,경강선,,1504,경기광주,K413,N,08:00:00,08:01:00,,K7622,상행,2025-05-01T05:00:00,,평일
경강선,1501,판교,K409,,20250619,경강선,1509,부발,K418,N,경강선,,1503,삼동,K412,N,08:05:00,08:05:30,,K7622,상행,2025-05-01T05:00:00,,평일
경강선,1501,판교,K409,,20250619,경강선,1509,부발,K418,N,경강선,,1502,이매,K411,N,08:10:30,08:11:00,,K7622,상행,2025-05-01T05:00:00,,평일
경강선,1501,판교,K409,,20250619,경강선,1509,부발,K418,N,경강선,,1512,성남,K410,N,08:12:30,08:13:00,,K7622,상행,2025-05-01T05:00:00,,평일
경강선,1501,판교,K409,,20250619,경강선,1509,부발,K418,N,경강선,,1501,판교,K409,N,08:15:00,,,K7622,상행,2025-05-01T05:00:00,,평일
